"source_id","file_id","team","name","number","position","minutes","field_goals","fg_pct","three_pointers","three_pt_pct","free_throws","ft_pct","rebounds","assists","turnovers","steals","blocks","points"
2025.0,18931.0,"Maryland","L. BARTELME",1,"G",10,"1-1",100.0,"0-0",0.0,"0-0",0.0,2,4,2,0,0,2
2025.0,18931.0,"Maryland","S. POFFENBARGER",6,"G",22,"3-3",100.0,"2-2",100.0,"0-0",0.0,6,3,0,3,2,8
2025.0,18931.0,"Maryland","O. OKANANWA",7,"G",24,"4-11",36.4,"0-2",0.0,"2-2",100.0,8,0,1,0,1,10
2025.0,18931.0,"Maryland","I. OZZY-MOMODU",9,"F",16,"3-6",50.0,"0-0",0.0,"2-4",50.0,6,2,1,0,3,8
2025.0,18931.0,"Maryland","Y. GARZON",12,"G",18,"4-8",50.0,"2-4",50.0,"0-0",0.0,1,1,1,0,0,10
2025.0,18931.0,"Maryland","K. SMIKLE",2,"G",12,"5-15",33.3,"2-4",50.0,"1-1",100.0,5,2,1,0,1,13
2025.0,18931.0,"Maryland","A. MACK",3,"G",30,"7-13",53.8,"1-3",33.3,"0-0",0.0,3,6,2,3,0,15
2025.0,18931.0,"Maryland","A. MCKENNIE",5,"G",12,"1-2",50.0,"0-0",0.0,"2-2",100.0,1,0,0,0,0,4
2025.0,18931.0,"Maryland","K. WALKER",8,"G",16,"0-1",0.0,"0-0",0.0,"1-2",50.0,4,0,2,2,0,1
2025.0,18931.0,"Maryland","M. MCLEAN",10,"G",12,"1-1",100.0,"0-0",0.0,"1-3",33.3,5,1,4,1,0,3
2025.0,18931.0,"Maryland","M. BOIKO",11,"F",12,"1-5",20.0,"0-0",0.0,"0-0",0.0,4,0,2,2,0,2
2025.0,18931.0,"Maryland","N. FRITEA",21,"F",2,"1-1",100.0,"0-0",0.0,"0-0",0.0,0,0,1,0,0,2
2025.0,18931.0,"Maryland","B. WILLIAMS",40,"F",14,"2-2",100.0,"0-0",0.0,"6-6",100.0,3,0,4,0,0,10
2025.0,18931.0,"Towson","I. JOHNSTON",2,"G",36,"9-15",60.0,"1-4",25.0,"4-5",80.0,4,3,2,1,0,23
2025.0,18931.0,"Towson","H. DEREJE",7,"C",14,"4-7",57.1,"0-0",0.0,"0-0",0.0,6,0,4,0,1,8
2025.0,18931.0,"Towson","T. SJÃ¶KVIST",9,"G",33,"4-11",36.4,"1-4",25.0,"0-0",0.0,5,2,4,2,0,9
2025.0,18931.0,"Towson","T. SHEPARD",11,"G",29,"8-10",80.0,"4-5",80.0,"0-0",0.0,0,2,2,5,0,20
2025.0,18931.0,"Towson","Z. KHALIL",13,"G",32,"3-9",33.3,"0-3",0.0,"4-4",100.0,2,0,0,0,0,10
2025.0,18931.0,"Towson","S. TURNER",1,"G",19,"0-3",0.0,"0-1",0.0,"0-0",0.0,0,1,1,1,0,0
2025.0,18931.0,"Towson","S. BAYNES",4,"G",1,"0-0",0.0,"0-0",0.0,"0-0",0.0,0,0,0,0,0,0
2025.0,18931.0,"Towson","K. MORRIS",5,"F",24,"0-6",0.0,"0-1",0.0,"0-0",0.0,4,1,4,0,5,0
2025.0,18931.0,"Towson","V. MATULEVICIUS",6,"G",10,"0-4",0.0,"0-3",0.0,"0-0",0.0,0,1,1,1,0,0
2025.0,18931.0,"Towson","J. WATSON",8,"G",1,"0-0",0.0,"0-0",0.0,"0-0",0.0,0,0,0,0,0,0
2025.0,18931.0,"Towson","A. BARNES",15,"G",1,"0-1",0.0,"0-1",0.0,"0-0",0.0,0,0,0,0,0,0
2025.0,18930.0,"Maryland","L. BARTELME",1,"G",33,"5-12",41.7,"1-3",33.3,"2-3",66.7,5,2,4,0,0,13
2025.0,18930.0,"Maryland","S. POFFENBARGER",6,"G",36,"1-7",14.3,"1-6",16.7,"3-4",75.0,12,5,1,3,0,6
2025.0,18930.0,"Maryland","O. OKANANWA",7,"G",24,"4-6",66.7,"1-1",100.0,"2-3",66.7,6,2,3,1,1,11
2025.0,18930.0,"Maryland","I. OZZY-MOMODU",9,"F",21,"4-8",50.0,"0-0",0.0,"2-3",66.7,7,0,4,0,1,10
2025.0,18930.0,"Maryland","Y. GARZON",12,"G",23,"3-11",27.3,"1-5",20.0,"2-2",100.0,8,2,0,2,0,9
2025.0,18930.0,"Maryland","R. WELSON",0,"G",11,"1-2",50.0,"0-1",0.0,"0-0",0.0,1,0,2,1,0,2
2025.0,18930.0,"Maryland","A. MACK",3,"G",19,"9-13",69.2,"1-4",25.0,"4-4",100.0,2,0,1,1,0,23
2025.0,18930.0,"Maryland","A. MCKENNIE",5,"G",2,"0-0",0.0,"0-0",0.0,"0-0",0.0,0,0,0,0,0,0
2025.0,18930.0,"Maryland","K. WALKER",8,"G",6,"0-1",0.0,"0-0",0.0,"2-2",100.0,1,0,0,1,0,2
2025.0,18930.0,"Maryland","M. BOIKO",11,"F",24,"3-6",50.0,"0-1",0.0,"3-4",75.0,0,2,2,2,0,9
2025.0,18930.0,"Maryland","B. WILLIAMS",40,"F",1,"0-0",0.0,"0-0",0.0,"0-0",0.0,0,0,0,0,0,0
2025.0,18930.0,"Georgetown","V. RIVERA",3,"G",16,"2-5",40.0,"1-4",25.0,"0-0",0.0,2,0,2,0,0,5
2025.0,18930.0,"Georgetown","K. HESSION",8,"G",27,"4-8",50.0,"4-6",66.7,"2-2",100.0,2,1,4,0,0,14
2025.0,18930.0,"Georgetown","K. MILLER",11,"G",37,"5-12",41.7,"1-3",33.3,"7-9",77.8,3,0,2,3,0,18
2025.0,18930.0,"Georgetown","B. SCOTT",15,"F",23,"1-5",20.0,"0-2",0.0,"3-5",60.0,3,2,2,0,1,5
2025.0,18930.0,"Georgetown","C. NWEKE",25,"F",15,"3-4",75.0,"0-0",0.0,"0-0",0.0,2,0,0,0,0,6
2025.0,18930.0,"Georgetown","L. JEWETT",0,"G",27,"1-8",12.5,"1-5",20.0,"4-4",100.0,2,3,1,1,0,7
2025.0,18930.0,"Georgetown","D. AGUBATA",4,"G",4,"0-0",0.0,"0-0",0.0,"0-0",0.0,1,0,0,1,0,0
2025.0,18930.0,"Georgetown","A. ARAUJO-DAGBA",7,"F",1,"0-0",0.0,"0-0",0.0,"0-0",0.0,0,0,0,0,0,0
2025.0,18930.0,"Georgetown","S. DAVIS",23,"G",10,"1-2",50.0,"1-1",100.0,"0-0",0.0,1,0,2,0,0,3
2025.0,18930.0,"Georgetown","C. CARTER",24,"F",19,"1-3",33.3,"0-0",0.0,"4-8",50.0,6,1,3,1,1,6
2025.0,18930.0,"Georgetown","B. BYARS",32,"F",21,"1-3",33.3,"0-1",0.0,"0-0",0.0,3,1,0,0,0,2
2025.0,18929.0,"Maryland","L. BARTELME",1,"G",18,"2-3",66.7,"1-1",100.0,"0-0",0.0,2,7,0,1,0,5
2025.0,18929.0,"Maryland","S. POFFENBARGER",6,"G",20,"4-5",80.0,"3-4",75.0,"0-0",0.0,2,2,3,0,0,11
2025.0,18929.0,"Maryland","O. OKANANWA",7,"G",25,"7-13",53.8,"1-7",14.3,"0-0",0.0,6,3,2,2,0,15
2025.0,18929.0,"Maryland","I. OZZY-MOMODU",9,"F",15,"7-8",87.5,"0-0",0.0,"1-4",25.0,3,0,3,1,0,15
2025.0,18929.0,"Maryland","Y. GARZON",12,"G",30,"4-13",30.8,"2-9",22.2,"2-2",100.0,3,4,1,1,0,12
2025.0,18929.0,"Maryland","R. WELSON",0,"G",23,"2-3",66.7,"0-0",0.0,"2-2",100.0,0,2,1,2,0,6
2025.0,18929.0,"Maryland","A. MACK",3,"G",18,"0-2",0.0,"0-1",0.0,"2-2",100.0,1,3,2,1,1,2
2025.0,18929.0,"Maryland","A. MCKENNIE",5,"G",7,"0-0",0.0,"0-0",0.0,"2-4",50.0,1,0,2,0,0,2
2025.0,18929.0,"Maryland","K. WALKER",8,"G",16,"1-5",20.0,"1-4",25.0,"4-4",100.0,3,2,1,2,0,7
2025.0,18929.0,"Maryland","M. MCLEAN",10,"G",5,"1-1",100.0,"0-0",0.0,"0-0",0.0,1,0,0,0,0,2
2025.0,18929.0,"Maryland","M. BOIKO",11,"F",16,"4-6",66.7,"0-0",0.0,"0-0",0.0,7,0,1,1,1,8
2025.0,18929.0,"Maryland","B. WILLIAMS",40,"F",7,"0-0",0.0,"0-0",0.0,"2-2",100.0,2,0,1,0,0,2
2025.0,18929.0,"Umbc","T. BELLAMY",1,"G",14,"0-0",0.0,"0-0",0.0,"0-0",0.0,1,0,0,1,0,0
2025.0,18929.0,"Umbc","D. YARBOROUGH",14,"C",20,"1-1",100.0,"0-0",0.0,"2-2",100.0,2,0,0,0,0,4
2025.0,18929.0,"Umbc","C. YANEZ",15,"G",31,"1-3",33.3,"0-0",0.0,"0-0",0.0,2,5,6,0,0,2
2025.0,18929.0,"Umbc","G. SCOTT",21,"F",28,"0-4",0.0,"0-4",0.0,"0-0",0.0,2,0,1,0,0,0
2025.0,18929.0,"Umbc","J. TILLMAN",24,"F",36,"4-14",28.6,"1-2",50.0,"8-8",100.0,4,1,6,4,2,17
2025.0,18929.0,"Umbc","D. SLOMACK",2,"G",2,"0-1",0.0,"0-1",0.0,"0-0",0.0,0,0,0,0,0,0
2025.0,18929.0,"Umbc","H. WILLIAMS",3,"G",23,"5-12",41.7,"1-2",50.0,"1-1",100.0,4,0,3,2,1,12
2025.0,18929.0,"Umbc","K. AUSTIN",4,"G",24,"6-9",66.7,"2-2",100.0,"0-0",0.0,1,1,4,1,0,14
2025.0,18929.0,"Umbc","A. WILLIAMS",10,"F",19,"1-4",25.0,"0-0",0.0,"0-0",0.0,1,0,0,1,1,2
2025.0,18929.0,"Umbc","L. THOMPSON",12,"G",3,"1-2",50.0,"1-2",50.0,"0-0",0.0,0,0,0,0,0,3
2025.0,18928.0,"Maryland","L. BARTELME",1,"G",19,"3-5",60.0,"1-3",33.3,"0-0",0.0,3,2,3,2,0,7
2025.0,18928.0,"Maryland","S. POFFENBARGER",6,"G",19,"4-4",100.0,"3-3",100.0,"0-0",0.0,5,4,0,5,1,11
2025.0,18928.0,"Maryland","O. OKANANWA",7,"G",17,"6-9",66.7,"4-4",100.0,"2-2",100.0,2,3,1,0,0,18
2025.0,18928.0,"Maryland","I. OZZY-MOMODU",9,"F",14,"3-4",75.0,"0-0",0.0,"0-1",0.0,3,1,3,0,1,6
2025.0,18928.0,"Maryland","Y. GARZON",12,"G",24,"1-5",20.0,"1-5",20.0,"0-0",0.0,3,6,6,2,0,3
2025.0,18928.0,"Maryland","R. WELSON",0,"G",16,"0-4",0.0,"0-2",0.0,"0-0",0.0,0,0,0,1,0,0
2025.0,18928.0,"Maryland","A. MACK",3,"G",17,"2-5",40.0,"0-1",0.0,"2-2",100.0,2,0,0,0,0,6
2025.0,18928.0,"Maryland","A. MCKENNIE",5,"G",12,"2-3",66.7,"0-0",0.0,"3-4",75.0,2,0,3,1,0,7
2025.0,18928.0,"Maryland","K. WALKER",8,"G",15,"1-4",25.0,"0-2",0.0,"4-6",66.7,4,2,0,4,0,6
2025.0,18928.0,"Maryland","M. MCLEAN",10,"G",14,"1-1",100.0,"0-0",0.0,"2-2",100.0,5,1,0,1,0,4
2025.0,18928.0,"Maryland","M. BOIKO",11,"F",14,"3-4",75.0,"0-0",0.0,"2-2",100.0,5,1,0,0,1,8
2025.0,18928.0,"Maryland","N. FRITEA",21,"F",7,"0-0",0.0,"0-0",0.0,"0-0",0.0,0,0,0,0,0,0
2025.0,18928.0,"Maryland","B. WILLIAMS",40,"F",12,"1-5",20.0,"1-1",100.0,"1-2",50.0,4,0,1,2,0,4
2025.0,18928.0,"Loyola Maryland","K. HICKS",5,"G",23,"2-8",25.0,"2-5",40.0,"2-2",100.0,2,0,5,0,0,8
2025.0,18928.0,"Loyola Maryland","K. SIMS",10,"F",18,"1-2",50.0,"0-0",0.0,"0-0",0.0,4,1,1,0,0,2
2025.0,18928.0,"Loyola Maryland","L. THERIEN",11,"F",26,"2-10",20.0,"0-1",0.0,"1-2",50.0,7,1,5,2,0,5
2025.0,18928.0,"Loyola Maryland","C. GARCIA",12,"G",19,"0-1",0.0,"0-0",0.0,"0-0",0.0,0,2,4,0,0,0
2025.0,18928.0,"Loyola Maryland","K. KALET",20,"G",25,"0-5",0.0,"0-1",0.0,"0-0",0.0,3,1,4,1,0,0
2025.0,18928.0,"Loyola Maryland","O. SHAUGHNESSY",13,"G",6,"0-1",0.0,"0-1",0.0,"0-0",0.0,0,0,0,0,0,0
2025.0,18928.0,"Loyola Maryland","S. BASS",22,"G",6,"0-2",0.0,"0-2",0.0,"0-0",0.0,1,0,0,0,0,0
2025.0,18928.0,"Loyola Maryland","M. ESPINAL",23,"F",6,"0-0",0.0,"0-0",0.0,"0-0",0.0,0,0,2,0,0,0
2025.0,18928.0,"Loyola Maryland","A. LOVISOLO",24,"F",4,"0-1",0.0,"0-1",0.0,"0-0",0.0,0,0,0,0,1,0
2025.0,18928.0,"Loyola Maryland","A. SIMMONS",25,"G",21,"2-3",66.7,"1-2",50.0,"0-0",0.0,0,0,4,1,0,5
2025.0,18928.0,"Loyola Maryland","G. BETTON",33,"G",14,"0-4",0.0,"0-3",0.0,"1-2",50.0,0,1,2,1,0,1
2025.0,18928.0,"Loyola Maryland","A. AMORICH",34,"G",19,"0-4",0.0,"0-1",0.0,"0-0",0.0,2,0,1,0,0,0
2025.0,18928.0,"Loyola Maryland","W. WATKINS",44,"F",13,"2-4",50.0,"1-2",50.0,"0-0",0.0,2,0,1,0,0,5
2025.0,18932.0,"Maryland","A. MACK",3,"G",35,"6-10",60.0,"1-2",50.0,"2-2",100.0,6,4,2,2,0,15
2025.0,18932.0,"Maryland","S. POFFENBARGER",6,"G",36,"7-13",53.8,"4-9",44.4,"1-2",50.0,6,1,5,3,0,19
2025.0,18932.0,"Maryland","O. OKANANWA",7,"G",31,"9-13",69.2,"1-1",100.0,"1-1",100.0,4,4,2,1,0,20
2025.0,18932.0,"Maryland","I. OZZY-MOMODU",9,"F",17,"3-8",37.5,"0-0",0.0,"2-2",100.0,7,0,2,1,1,8
2025.0,18932.0,"Maryland","Y. GARZON",12,"G",39,"3-9",33.3,"3-8",37.5,"0-0",0.0,2,4,1,1,0,9
2025.0,18932.0,"Maryland","K. SMIKLE",2,"G",14,"1-3",33.3,"0-1",0.0,"11-11",100.0,3,2,2,2,0,13
2025.0,18932.0,"Maryland","K. WALKER",8,"G",14,"0-3",0.0,"0-0",0.0,"0-0",0.0,1,1,1,0,0,0
2025.0,18932.0,"Maryland","M. MCLEAN",10,"G",1,"0-0",0.0,"0-0",0.0,"0-0",0.0,0,0,0,0,0,0
2025.0,18932.0,"Maryland","M. BOIKO",11,"F",13,"0-2",0.0,"0-0",0.0,"0-0",0.0,3,0,1,0,0,0
2025.0,18932.0,"Princeton","O. HUTCHERSON",2,"G",29,"8-10",80.0,"0-0",0.0,"3-6",50.0,8,1,2,2,0,19
2025.0,18932.0,"Princeton","F. TALL",5,"G",31,"5-13",38.5,"3-5",60.0,"0-0",0.0,7,1,3,3,0,13
2025.0,18932.0,"Princeton","S. BELKER",10,"G",35,"4-12",33.3,"1-3",33.3,"1-2",50.0,2,4,5,2,0,10
2025.0,18932.0,"Princeton","A. CHEA",13,"G",18,"0-2",0.0,"0-0",0.0,"0-0",0.0,2,2,2,0,0,0
2025.0,18932.0,"Princeton","M. ST. ROSE",23,"G",38,"6-14",42.9,"3-7",42.9,"5-6",83.3,1,4,1,1,1,20
2025.0,18932.0,"Princeton","E. EADIE",1,"F",6,"0-2",0.0,"0-1",0.0,"0-0",0.0,0,0,0,0,0,0
2025.0,18932.0,"Princeton","G. O'SULLIVAN",4,"G",1,"0-0",0.0,"0-0",0.0,"0-0",0.0,0,0,0,0,0,0
2025.0,18932.0,"Princeton","T. CHARLES",11,"F",14,"0-2",0.0,"0-1",0.0,"0-0",0.0,2,0,1,1,0,0
2025.0,18932.0,"Princeton","T. NWEKE",21,"G",28,"2-5",40.0,"2-5",40.0,"0-0",0.0,2,1,1,2,2,6
2025.0,19716.0,"Maryland","K. SMIKLE",2,"G",18,"6-10",60.0,"1-3",33.3,"0-1",0.0,3,1,4,1,0,13
2025.0,19716.0,"Maryland","S. POFFENBARGER",6,"G",19,"3-6",50.0,"2-5",40.0,"0-0",0.0,6,3,1,1,0,8
2025.0,19716.0,"Maryland","O. OKANANWA",7,"G",20,"4-10",40.0,"0-3",0.0,"5-8",62.5,4,0,3,4,1,13
2025.0,19716.0,"Maryland","K. WALKER",8,"G",31,"5-7",71.4,"0-1",0.0,"3-5",60.0,2,4,2,2,1,13
2025.0,19716.0,"Maryland","Y. GARZON",12,"G",21,"5-7",71.4,"2-4",50.0,"0-0",0.0,3,5,2,3,0,12
2025.0,19716.0,"Maryland","A. MCKENNIE",5,"G",23,"3-3",100.0,"0-0",0.0,"1-1",100.0,0,0,0,1,1,7
2025.0,19716.0,"Maryland","I. OZZY-MOMODU",9,"F",17,"4-9",44.4,"0-0",0.0,"0-0",0.0,5,0,3,1,1,8
2025.0,19716.0,"Maryland","M. MCLEAN",10,"G",16,"2-3",66.7,"0-0",0.0,"0-0",0.0,5,1,2,1,1,4
2025.0,19716.0,"Maryland","M. BOIKO",11,"F",15,"1-2",50.0,"0-0",0.0,"0-0",0.0,3,2,0,0,0,2
2025.0,19716.0,"Maryland","N. FRITEA",21,"F",4,"1-2",50.0,"1-1",100.0,"0-0",0.0,0,0,1,0,0,3
2025.0,19716.0,"Maryland","B. WILLIAMS",40,"F",16,"3-4",75.0,"0-0",0.0,"6-7",85.7,8,0,0,1,1,12
2025.0,19716.0,"Bethune-Cookman","D. DORSEY",0,"G",22,"1-6",16.7,"0-1",0.0,"0-0",0.0,1,0,3,0,0,2
2025.0,19716.0,"Bethune-Cookman","A. JOHNSON",11,"G",16,"0-6",0.0,"0-3",0.0,"2-2",100.0,0,1,5,0,0,2
2025.0,19716.0,"Bethune-Cookman","C. MCDONALD",12,"F",19,"2-4",50.0,"0-0",0.0,"0-0",0.0,2,1,0,0,0,4
2025.0,19716.0,"Bethune-Cookman","M. HOLDEN",23,"G",21,"3-11",27.3,"0-6",0.0,"0-0",0.0,2,1,4,1,0,6
2025.0,19716.0,"Bethune-Cookman","S. TYLER",25,"F",19,"2-7",28.6,"0-0",0.0,"3-4",75.0,4,1,2,2,0,7
2025.0,19716.0,"Bethune-Cookman","J. PARKS",2,"F",3,"0-0",0.0,"0-0",0.0,"1-2",50.0,0,0,0,1,0,1
2025.0,19716.0,"Bethune-Cookman","J. BROOKS",3,"G",29,"5-8",62.5,"3-3",100.0,"0-0",0.0,1,2,2,1,0,13
2025.0,19716.0,"Bethune-Cookman","J. KELLEY",5,"G",3,"0-0",0.0,"0-0",0.0,"0-0",0.0,0,0,1,0,0,0
2025.0,19716.0,"Bethune-Cookman","T. BUTLER",15,"F",25,"1-3",33.3,"0-0",0.0,"0-0",0.0,4,0,1,0,1,2
2025.0,19716.0,"Bethune-Cookman","S. PHILLIPS",21,"G",19,"3-7",42.9,"2-5",40.0,"0-0",0.0,1,1,2,0,0,8
2025.0,19716.0,"Bethune-Cookman","D. PITTS",24,"F",12,"0-0",0.0,"0-0",0.0,"1-2",50.0,2,0,2,0,0,1
2025.0,19716.0,"Bethune-Cookman","K. PETERS",30,"G",9,"1-2",50.0,"1-1",100.0,"0-0",0.0,2,1,3,0,0,3
2025.0,19716.0,"Bethune-Cookman","M. JOHNSON",35,"F",3,"0-0",0.0,"0-0",0.0,"0-0",0.0,0,0,0,0,0,0
2025.0,18933.0,"Maryland","K. SMIKLE",2,"G",22,"3-7",42.9,"0-2",0.0,"2-2",100.0,4,0,1,0,0,8
2025.0,18933.0,"Maryland","S. POFFENBARGER",6,"G",31,"3-9",33.3,"0-4",0.0,"0-0",0.0,6,4,4,5,2,6
2025.0,18933.0,"Maryland","O. OKANANWA",7,"G",34,"10-15",66.7,"0-1",0.0,"3-3",100.0,4,5,3,1,1,23
2025.0,18933.0,"Maryland","K. WALKER",8,"G",13,"0-3",0.0,"0-1",0.0,"5-5",100.0,1,0,5,1,0,5
2025.0,18933.0,"Maryland","Y. GARZON",12,"G",37,"6-14",42.9,"2-8",25.0,"2-2",100.0,9,1,5,1,0,16
2025.0,18933.0,"Maryland","R. WELSON",0,"G",4,"0-1",0.0,"0-0",0.0,"0-0",0.0,0,0,1,0,0,0
2025.0,18933.0,"Maryland","A. MACK",3,"G",21,"4-7",57.1,"0-1",0.0,"4-4",100.0,1,1,0,1,0,12
2025.0,18933.0,"Maryland","A. MCKENNIE",5,"G",2,"0-0",0.0,"0-0",0.0,"0-0",0.0,0,0,0,0,0,0
2025.0,18933.0,"Maryland","I. OZZY-MOMODU",9,"F",14,"3-11",27.3,"0-0",0.0,"0-2",0.0,5,1,1,0,2,6
2025.0,18933.0,"Maryland","M. MCLEAN",10,"G",16,"3-4",75.0,"0-0",0.0,"2-3",66.7,6,0,0,1,0,8
2025.0,18933.0,"Maryland","M. BOIKO",11,"F",6,"0-0",0.0,"0-0",0.0,"0-0",0.0,3,1,0,0,0,0
2025.0,18933.0,"George Mason","Z. WALTON",2,"F",34,"11-20",55.0,"2-4",50.0,"3-4",75.0,2,1,4,2,1,27
2025.0,18933.0,"George Mason","K. HARRIS",3,"G",34,"4-11",36.4,"1-5",20.0,"2-2",100.0,5,2,5,1,0,11
2025.0,18933.0,"George Mason","J. BROWN",13,"G",17,"2-5",40.0,"2-4",50.0,"0-0",0.0,1,0,1,1,0,6
2025.0,18933.0,"George Mason","M. JOHNSON",14,"F",30,"2-6",33.3,"0-1",0.0,"0-0",0.0,6,1,4,1,1,4
2025.0,18933.0,"George Mason","L. VOLKER",15,"F",28,"1-2",50.0,"0-1",0.0,"0-0",0.0,2,0,1,1,1,2
2025.0,18933.0,"George Mason","S. LITTLEJOHN-SHORT",1,"G",6,"0-1",0.0,"0-0",0.0,"1-2",50.0,0,0,1,0,0,1
2025.0,18933.0,"George Mason","M. AMOATENG",11,"G",30,"4-9",44.4,"1-2",50.0,"0-0",0.0,3,5,3,2,0,9
2025.0,18933.0,"George Mason","M. MOTTA",12,"G",2,"0-0",0.0,"0-0",0.0,"0-0",0.0,1,0,0,0,0,0
2025.0,18933.0,"George Mason","L. KEYES",23,"F",2,"0-0",0.0,"0-0",0.0,"0-0",0.0,0,0,0,0,0,0
2025.0,18933.0,"George Mason","S. BLAIR",30,"C",2,"0-0",0.0,"0-0",0.0,"0-0",0.0,0,0,0,0,0,0
2025.0,18933.0,"George Mason","P. GREENBURG",32,"G",9,"1-2",50.0,"0-1",0.0,"0-0",0.0,2,0,0,1,0,2
2025.0,18869.0,"Maryland","K. SMIKLE",2,"G",23,"6-12",50.0,"1-3",33.3,"9-11",81.8,5,3,3,0,0,22
2025.0,18869.0,"Maryland","A. MACK",3,"G",40,"5-9",55.6,"1-1",100.0,"4-4",100.0,5,6,2,2,0,15
2025.0,18869.0,"Maryland","S. POFFENBARGER",6,"G",37,"3-14",21.4,"2-7",28.6,"4-4",100.0,6,1,1,3,0,12
2025.0,18869.0,"Maryland","O. OKANANWA",7,"G",36,"0-7",0.0,"0-2",0.0,"4-4",100.0,6,2,4,2,0,4
2025.0,18869.0,"Maryland","Y. GARZON",12,"G",30,"6-14",42.9,"5-10",50.0,"0-0",0.0,2,1,2,1,1,17
2025.0,18869.0,"Maryland","R. WELSON",0,"G",6,"0-1",0.0,"0-1",0.0,"0-0",0.0,0,0,0,0,0,0
2025.0,18869.0,"Maryland","I. OZZY-MOMODU",9,"F",3,"1-3",33.3,"0-0",0.0,"0-0",0.0,0,0,0,0,0,2
2025.0,18869.0,"Maryland","M. MCLEAN",10,"G",25,"1-2",50.0,"0-0",0.0,"0-0",0.0,6,0,1,3,0,2
2025.0,18869.0,"Maryland","M. BOIKO",11,"F",0,"0-0",0.0,"0-0",0.0,"0-0",0.0,0,0,0,0,0,0
2025.0,18869.0,"Kentucky","J. OBI",0,"F",28,"2-6",33.3,"0-2",0.0,"2-2",100.0,8,0,3,2,0,6
2025.0,18869.0,"Kentucky","T. MORGAN",5,"G",37,"7-11",63.6,"4-5",80.0,"4-4",100.0,4,8,8,2,1,22
2025.0,18869.0,"Kentucky","T. KEY",7,"F",13,"2-4",50.0,"0-0",0.0,"0-0",0.0,0,0,0,0,0,4
2025.0,18869.0,"Kentucky","C. STRACK",13,"C",39,"4-9",44.4,"1-1",100.0,"0-2",0.0,9,2,2,0,2,9
2025.0,18869.0,"Kentucky","A. HASSETT",32,"F",32,"4-10",40.0,"2-7",28.6,"0-0",0.0,4,4,3,0,3,10
2025.0,18869.0,"Kentucky","L. BLUE",4,"G",13,"1-4",25.0,"0-3",0.0,"0-0",0.0,4,1,0,0,0,2
2025.0,18869.0,"Kentucky","A. BOONE",8,"G",32,"5-12",41.7,"3-9",33.3,"0-0",0.0,3,1,2,1,0,13
2025.0,18869.0,"Kentucky","K. CARROLL",20,"F",3,"0-2",0.0,"0-1",0.0,"0-0",0.0,0,0,0,0,0,0
2025.0,18869.0,"Kentucky","J. GILVIN",33,"G",3,"0-0",0.0,"0-0",0.0,"0-0",0.0,0,0,0,0,0,0
2025.0,18870.0,"Hofstra","E. VON ESSEN",2,"G",17,"2-5",40.0,"2-5",40.0,"0-0",0.0,0,0,0,0,0,6
2025.0,18870.0,"Hofstra","A. ANGOI",6,"F",11,"0-2",0.0,"0-0",0.0,"0-0",0.0,1,0,0,1,0,0
2025.0,18870.0,"Hofstra","A. GOODEN",10,"G",28,"2-7",28.6,"0-2",0.0,"2-2",100.0,1,0,9,2,0,6
2025.0,18870.0,"Hofstra","S. MAGOLICO",13,"F",17,"0-4",0.0,"0-0",0.0,"0-0",0.0,1,0,1,1,0,0
2025.0,18870.0,"Hofstra","M. CARTER",25,"G",17,"1-1",100.0,"0-0",0.0,"0-0",0.0,0,0,4,0,0,2
2025.0,18870.0,"Hofstra","S. GARRETT",0,"G",18,"2-3",66.7,"0-0",0.0,"0-2",0.0,0,1,3,1,0,4
2025.0,18870.0,"Hofstra","M. POUNDS",1,"G",12,"1-5",20.0,"0-1",0.0,"2-2",100.0,0,0,0,0,0,4
2025.0,18870.0,"Hofstra","E. KARIM",5,"G",24,"2-7",28.6,"0-4",0.0,"0-0",0.0,1,3,2,0,0,4
2025.0,18870.0,"Hofstra","D. HARRIS",7,"C",6,"0-0",0.0,"0-0",0.0,"0-0",0.0,0,1,0,0,0,0
2025.0,18870.0,"Hofstra","S. BARTON",11,"G",5,"0-0",0.0,"0-0",0.0,"2-2",100.0,0,0,0,0,0,2
2025.0,18870.0,"Hofstra","O. VANPATTEN",23,"F",27,"3-6",50.0,"2-5",40.0,"0-0",0.0,3,1,2,1,0,8
2025.0,18870.0,"Hofstra","M. HODGE",32,"C",10,"0-1",0.0,"0-0",0.0,"0-0",0.0,0,0,1,0,0,0
2025.0,18870.0,"Hofstra","K. BLACKS-STEWART",35,"F",8,"1-2",50.0,"0-0",0.0,"0-0",0.0,2,1,0,0,0,2
2025.0,18870.0,"Maryland","K. SMIKLE",2,"G",15,"3-7",42.9,"1-3",33.3,"6-6",100.0,3,3,0,1,0,13
2025.0,18870.0,"Maryland","A. MACK",3,"G",14,"4-6",66.7,"2-3",66.7,"0-0",0.0,3,1,0,1,0,10
2025.0,18870.0,"Maryland","S. POFFENBARGER",6,"G",15,"3-3",100.0,"2-2",100.0,"0-0",0.0,4,4,1,2,0,8
2025.0,18870.0,"Maryland","O. OKANANWA",7,"G",15,"2-7",28.6,"0-2",0.0,"2-2",100.0,3,3,1,1,0,6
2025.0,18870.0,"Maryland","Y. GARZON",12,"G",20,"3-5",60.0,"2-3",66.7,"0-0",0.0,2,3,2,3,0,8
2025.0,18870.0,"Maryland","R. WELSON",0,"G",16,"1-6",16.7,"0-3",0.0,"4-4",100.0,1,1,0,0,0,6
2025.0,18870.0,"Maryland","A. MCKENNIE",5,"G",15,"2-4",50.0,"2-3",66.7,"0-0",0.0,5,1,0,0,0,6
2025.0,18870.0,"Maryland","K. WALKER",8,"G",23,"2-4",50.0,"0-1",0.0,"2-4",50.0,1,2,0,1,0,6
2025.0,18870.0,"Maryland","I. OZZY-MOMODU",9,"F",16,"3-3",100.0,"0-0",0.0,"4-9",44.4,3,1,0,1,2,10
2025.0,18870.0,"Maryland","M. MCLEAN",10,"G",8,"1-1",100.0,"0-0",0.0,"1-1",100.0,1,1,1,3,0,3
2025.0,18870.0,"Maryland","M. BOIKO",11,"F",18,"5-5",100.0,"0-0",0.0,"0-0",0.0,1,1,0,0,0,10
2025.0,18870.0,"Maryland","N. FRITEA",21,"F",7,"0-1",0.0,"0-0",0.0,"0-2",0.0,4,0,1,0,1,0
2025.0,18870.0,"Maryland","B. WILLIAMS",40,"F",18,"3-3",100.0,"0-0",0.0,"3-4",75.0,4,1,2,1,0,9
2025.0,18934.0,"Maryland","K. SMIKLE",2,"G",18,"4-9",44.4,"2-4",50.0,"0-0",0.0,4,0,2,1,0,10
2025.0,18934.0,"Maryland","A. MACK",3,"G",17,"0-0",0.0,"0-0",0.0,"2-2",100.0,1,2,2,0,0,2
2025.0,18934.0,"Maryland","S. POFFENBARGER",6,"G",17,"3-6",50.0,"0-2",0.0,"0-1",0.0,6,2,2,1,1,6
2025.0,18934.0,"Maryland","O. OKANANWA",7,"G",14,"7-9",77.8,"0-2",0.0,"3-4",75.0,3,0,1,2,1,17
2025.0,18934.0,"Maryland","Y. GARZON",12,"G",22,"4-11",36.4,"2-8",25.0,"0-0",0.0,3,3,2,2,0,10
2025.0,18934.0,"Maryland","R. WELSON",0,"G",14,"3-3",100.0,"2-2",100.0,"0-0",0.0,1,0,0,0,0,8
2025.0,18934.0,"Maryland","K. WALKER",8,"G",23,"1-4",25.0,"0-0",0.0,"2-6",33.3,1,8,2,1,0,4
2025.0,18934.0,"Maryland","I. OZZY-MOMODU",9,"F",19,"4-6",66.7,"0-0",0.0,"2-2",100.0,5,3,3,1,3,10
2025.0,18934.0,"Maryland","M. MCLEAN",10,"G",17,"2-2",100.0,"0-0",0.0,"1-1",100.0,5,0,1,1,0,5
2025.0,18934.0,"Maryland","M. BOIKO",11,"F",22,"3-7",42.9,"0-0",0.0,"2-2",100.0,3,4,1,2,1,8
2025.0,18934.0,"Maryland","N. FRITEA",21,"F",2,"0-0",0.0,"0-0",0.0,"0-0",0.0,1,0,0,0,1,0
2025.0,18934.0,"Maryland","B. WILLIAMS",40,"F",15,"5-7",71.4,"0-0",0.0,"2-4",50.0,7,3,1,0,0,12
2025.0,18934.0,"Mount St. Mary's","W. FERGSUON",3,"G",16,"1-3",33.3,"0-0",0.0,"0-0",0.0,3,0,2,2,0,2
2025.0,18934.0,"Mount St. Mary's","G. HODDINOTT",12,"G",25,"4-8",50.0,"2-5",40.0,"0-0",0.0,2,2,2,3,0,10
2025.0,18934.0,"Mount St. Mary's","A. BULLARD",14,"C",21,"1-4",25.0,"0-0",0.0,"2-4",50.0,6,0,1,0,2,4
2025.0,18934.0,"Mount St. Mary's","G. KENNERLY",15,"G",24,"5-11",45.5,"2-5",40.0,"1-1",100.0,4,0,3,1,0,13
2025.0,18934.0,"Mount St. Mary's","J. JAMISON",20,"F",19,"0-2",0.0,"0-2",0.0,"0-0",0.0,0,0,3,1,0,0
2025.0,18934.0,"Mount St. Mary's","N. GUERARD",0,"G",10,"0-3",0.0,"0-2",0.0,"0-0",0.0,1,1,3,0,0,0
2025.0,18934.0,"Mount St. Mary's","B. CARLSON",1,"F",22,"4-12",33.3,"0-3",0.0,"0-0",0.0,5,0,0,1,1,8
2025.0,18934.0,"Mount St. Mary's","A. POWELL",7,"G",21,"0-7",0.0,"0-2",0.0,"0-0",0.0,3,0,3,2,0,0
2025.0,18934.0,"Mount St. Mary's","T. IVANOVIC",10,"F",3,"0-0",0.0,"0-0",0.0,"0-0",0.0,0,0,1,0,0,0
2025.0,18934.0,"Mount St. Mary's","K. LINDSEY",11,"G",12,"0-1",0.0,"0-0",0.0,"0-0",0.0,0,1,2,0,0,0
2025.0,18934.0,"Mount St. Mary's","M. PARRIS",21,"F",10,"1-5",20.0,"0-3",0.0,"0-0",0.0,0,0,0,0,0,2
2025.0,18934.0,"Mount St. Mary's","D. TORGUT",35,"G",17,"2-5",40.0,"1-2",50.0,"0-0",0.0,2,0,0,1,0,5
"","","Maryland","L. BARTELME",1,"G",10,"1-1",100.0,"0-0",0.0,"0-0",0.0,2,4,2,0,0,2
"","","Maryland","S. POFFENBARGER",6,"G",22,"3-3",100.0,"2-2",100.0,"0-0",0.0,6,3,0,3,2,8
"","","Maryland","O. OKANANWA",7,"G",24,"4-11",36.4,"0-2",0.0,"2-2",100.0,8,0,1,0,1,10
"","","Maryland","I. OZZY-MOMODU",9,"F",16,"3-6",50.0,"0-0",0.0,"2-4",50.0,6,2,1,0,3,8
"","","Maryland","Y. GARZON",12,"G",18,"4-8",50.0,"2-4",50.0,"0-0",0.0,1,1,1,0,0,10
"","","Maryland","K. SMIKLE",2,"G",12,"5-15",33.3,"2-4",50.0,"1-1",100.0,5,2,1,0,1,13
"","","Maryland","A. MACK",3,"G",30,"7-13",53.8,"1-3",33.3,"0-0",0.0,3,6,2,3,0,15
"","","Maryland","A. MCKENNIE",5,"G",12,"1-2",50.0,"0-0",0.0,"2-2",100.0,1,0,0,0,0,4
"","","Maryland","K. WALKER",8,"G",16,"0-1",0.0,"0-0",0.0,"1-2",50.0,4,0,2,2,0,1
"","","Maryland","M. MCLEAN",10,"G",12,"1-1",100.0,"0-0",0.0,"1-3",33.3,5,1,4,1,0,3
"","","Maryland","M. BOIKO",11,"F",12,"1-5",20.0,"0-0",0.0,"0-0",0.0,4,0,2,2,0,2
"","","Maryland","N. FRITEA",21,"F",2,"1-1",100.0,"0-0",0.0,"0-0",0.0,0,0,1,0,0,2
"","","Maryland","B. WILLIAMS",40,"F",14,"2-2",100.0,"0-0",0.0,"6-6",100.0,3,0,4,0,0,10
"","","Towson","I. JOHNSTON",2,"G",36,"9-15",60.0,"1-4",25.0,"4-5",80.0,4,3,2,1,0,23
"","","Towson","H. DEREJE",7,"C",14,"4-7",57.1,"0-0",0.0,"0-0",0.0,6,0,4,0,1,8
"","","Towson","T. SJÃ¶KVIST",9,"G",33,"4-11",36.4,"1-4",25.0,"0-0",0.0,5,2,4,2,0,9
"","","Towson","T. SHEPARD",11,"G",29,"8-10",80.0,"4-5",80.0,"0-0",0.0,0,2,2,5,0,20
"","","Towson","Z. KHALIL",13,"G",32,"3-9",33.3,"0-3",0.0,"4-4",100.0,2,0,0,0,0,10
"","","Towson","S. TURNER",1,"G",19,"0-3",0.0,"0-1",0.0,"0-0",0.0,0,1,1,1,0,0
"","","Towson","S. BAYNES",4,"G",1,"0-0",0.0,"0-0",0.0,"0-0",0.0,0,0,0,0,0,0
"","","Towson","K. MORRIS",5,"F",24,"0-6",0.0,"0-1",0.0,"0-0",0.0,4,1,4,0,5,0
"","","Towson","V. MATULEVICIUS",6,"G",10,"0-4",0.0,"0-3",0.0,"0-0",0.0,0,1,1,1,0,0
"","","Towson","J. WATSON",8,"G",1,"0-0",0.0,"0-0",0.0,"0-0",0.0,0,0,0,0,0,0
"","","Towson","A. BARNES",15,"G",1,"0-1",0.0,"0-1",0.0,"0-0",0.0,0,0,0,0,0,0
"","","Maryland","R. WELSON",0,"G",16,"0-4",0.0,"0-2",0.0,"0-0",0.0,0,0,0,1,0,0
"","","Loyola Maryland","K. HICKS",5,"G",23,"2-8",25.0,"2-5",40.0,"2-2",100.0,2,0,5,0,0,8
"","","Loyola Maryland","K. SIMS",10,"F",18,"1-2",50.0,"0-0",0.0,"0-0",0.0,4,1,1,0,0,2
"","","Loyola Maryland","L. THERIEN",11,"F",26,"2-10",20.0,"0-1",0.0,"1-2",50.0,7,1,5,2,0,5
"","","Loyola Maryland","C. GARCIA",12,"G",19,"0-1",0.0,"0-0",0.0,"0-0",0.0,0,2,4,0,0,0
"","","Loyola Maryland","K. KALET",20,"G",25,"0-5",0.0,"0-1",0.0,"0-0",0.0,3,1,4,1,0,0
"","","Loyola Maryland","O. SHAUGHNESSY",13,"G",6,"0-1",0.0,"0-1",0.0,"0-0",0.0,0,0,0,0,0,0
"","","Loyola Maryland","S. BASS",22,"G",6,"0-2",0.0,"0-2",0.0,"0-0",0.0,1,0,0,0,0,0
"","","Loyola Maryland","M. ESPINAL",23,"F",6,"0-0",0.0,"0-0",0.0,"0-0",0.0,0,0,2,0,0,0
"","","Loyola Maryland","A. LOVISOLO",24,"F",4,"0-1",0.0,"0-1",0.0,"0-0",0.0,0,0,0,0,1,0
"","","Loyola Maryland","A. SIMMONS",25,"G",21,"2-3",66.7,"1-2",50.0,"0-0",0.0,0,0,4,1,0,5
"","","Loyola Maryland","G. BETTON",33,"G",14,"0-4",0.0,"0-3",0.0,"1-2",50.0,0,1,2,1,0,1
"","","Loyola Maryland","A. AMORICH",34,"G",19,"0-4",0.0,"0-1",0.0,"0-0",0.0,2,0,1,0,0,0
"","","Loyola Maryland","W. WATKINS",44,"F",13,"2-4",50.0,"1-2",50.0,"0-0",0.0,2,0,1,0,0,5
"","","Georgetown","V. RIVERA",3,"G",16,"2-5",40.0,"1-4",25.0,"0-0",0.0,2,0,2,0,0,5
"","","Georgetown","K. HESSION",8,"G",27,"4-8",50.0,"4-6",66.7,"2-2",100.0,2,1,4,0,0,14
"","","Georgetown","K. MILLER",11,"G",37,"5-12",41.7,"1-3",33.3,"7-9",77.8,3,0,2,3,0,18
"","","Georgetown","B. SCOTT",15,"F",23,"1-5",20.0,"0-2",0.0,"3-5",60.0,3,2,2,0,1,5
"","","Georgetown","C. NWEKE",25,"F",15,"3-4",75.0,"0-0",0.0,"0-0",0.0,2,0,0,0,0,6
"","","Georgetown","L. JEWETT",0,"G",27,"1-8",12.5,"1-5",20.0,"4-4",100.0,2,3,1,1,0,7
"","","Georgetown","D. AGUBATA",4,"G",4,"0-0",0.0,"0-0",0.0,"0-0",0.0,1,0,0,1,0,0
"","","Georgetown","A. ARAUJO-DAGBA",7,"F",1,"0-0",0.0,"0-0",0.0,"0-0",0.0,0,0,0,0,0,0
"","","Georgetown","S. DAVIS",23,"G",10,"1-2",50.0,"1-1",100.0,"0-0",0.0,1,0,2,0,0,3
"","","Georgetown","C. CARTER",24,"F",19,"1-3",33.3,"0-0",0.0,"4-8",50.0,6,1,3,1,1,6
"","","Georgetown","B. BYARS",32,"F",21,"1-3",33.3,"0-1",0.0,"0-0",0.0,3,1,0,0,0,2
"","","Hofstra","E. VON ESSEN",2,"G",17,"2-5",40.0,"2-5",40.0,"0-0",0.0,0,0,0,0,0,6
"","","Hofstra","A. ANGOI",6,"F",11,"0-2",0.0,"0-0",0.0,"0-0",0.0,1,0,0,1,0,0
"","","Hofstra","A. GOODEN",10,"G",28,"2-7",28.6,"0-2",0.0,"2-2",100.0,1,0,9,2,0,6
"","","Hofstra","S. MAGOLICO",13,"F",17,"0-4",0.0,"0-0",0.0,"0-0",0.0,1,0,1,1,0,0
"","","Hofstra","M. CARTER",25,"G",17,"1-1",100.0,"0-0",0.0,"0-0",0.0,0,0,4,0,0,2
"","","Hofstra","S. GARRETT",0,"G",18,"2-3",66.7,"0-0",0.0,"0-2",0.0,0,1,3,1,0,4
"","","Hofstra","M. POUNDS",1,"G",12,"1-5",20.0,"0-1",0.0,"2-2",100.0,0,0,0,0,0,4
"","","Hofstra","E. KARIM",5,"G",24,"2-7",28.6,"0-4",0.0,"0-0",0.0,1,3,2,0,0,4
"","","Hofstra","D. HARRIS",7,"C",6,"0-0",0.0,"0-0",0.0,"0-0",0.0,0,1,0,0,0,0
"","","Hofstra","S. BARTON",11,"G",5,"0-0",0.0,"0-0",0.0,"2-2",100.0,0,0,0,0,0,2
"","","Hofstra","O. VANPATTEN",23,"F",27,"3-6",50.0,"2-5",40.0,"0-0",0.0,3,1,2,1,0,8
"","","Hofstra","M. HODGE",32,"C",10,"0-1",0.0,"0-0",0.0,"0-0",0.0,0,0,1,0,0,0
"","","Hofstra","K. BLACKS-STEWART",35,"F",8,"1-2",50.0,"0-0",0.0,"0-0",0.0,2,1,0,0,0,2
"","","Umbc","T. BELLAMY",1,"G",14,"0-0",0.0,"0-0",0.0,"0-0",0.0,1,0,0,1,0,0
"","","Umbc","D. YARBOROUGH",14,"C",20,"1-1",100.0,"0-0",0.0,"2-2",100.0,2,0,0,0,0,4
"","","Umbc","C. YANEZ",15,"G",31,"1-3",33.3,"0-0",0.0,"0-0",0.0,2,5,6,0,0,2
"","","Umbc","G. SCOTT",21,"F",28,"0-4",0.0,"0-4",0.0,"0-0",0.0,2,0,1,0,0,0
"","","Umbc","J. TILLMAN",24,"F",36,"4-14",28.6,"1-2",50.0,"8-8",100.0,4,1,6,4,2,17
"","","Umbc","D. SLOMACK",2,"G",2,"0-1",0.0,"0-1",0.0,"0-0",0.0,0,0,0,0,0,0
"","","Umbc","H. WILLIAMS",3,"G",23,"5-12",41.7,"1-2",50.0,"1-1",100.0,4,0,3,2,1,12
"","","Umbc","K. AUSTIN",4,"G",24,"6-9",66.7,"2-2",100.0,"0-0",0.0,1,1,4,1,0,14
"","","Umbc","A. WILLIAMS",10,"F",19,"1-4",25.0,"0-0",0.0,"0-0",0.0,1,0,0,1,1,2
"","","Umbc","L. THOMPSON",12,"G",3,"1-2",50.0,"1-2",50.0,"0-0",0.0,0,0,0,0,0,3
"","","Bethune-Cookman","D. DORSEY",0,"G",22,"1-6",16.7,"0-1",0.0,"0-0",0.0,1,0,3,0,0,2
"","","Bethune-Cookman","A. JOHNSON",11,"G",16,"0-6",0.0,"0-3",0.0,"2-2",100.0,0,1,5,0,0,2
"","","Bethune-Cookman","C. MCDONALD",12,"F",19,"2-4",50.0,"0-0",0.0,"0-0",0.0,2,1,0,0,0,4
"","","Bethune-Cookman","M. HOLDEN",23,"G",21,"3-11",27.3,"0-6",0.0,"0-0",0.0,2,1,4,1,0,6
"","","Bethune-Cookman","S. TYLER",25,"F",19,"2-7",28.6,"0-0",0.0,"3-4",75.0,4,1,2,2,0,7
"","","Bethune-Cookman","J. PARKS",2,"F",3,"0-0",0.0,"0-0",0.0,"1-2",50.0,0,0,0,1,0,1
"","","Bethune-Cookman","J. BROOKS",3,"G",29,"5-8",62.5,"3-3",100.0,"0-0",0.0,1,2,2,1,0,13
"","","Bethune-Cookman","J. KELLEY",5,"G",3,"0-0",0.0,"0-0",0.0,"0-0",0.0,0,0,1,0,0,0
"","","Bethune-Cookman","T. BUTLER",15,"F",25,"1-3",33.3,"0-0",0.0,"0-0",0.0,4,0,1,0,1,2
"","","Bethune-Cookman","S. PHILLIPS",21,"G",19,"3-7",42.9,"2-5",40.0,"0-0",0.0,1,1,2,0,0,8
"","","Bethune-Cookman","D. PITTS",24,"F",12,"0-0",0.0,"0-0",0.0,"1-2",50.0,2,0,2,0,0,1
"","","Bethune-Cookman","K. PETERS",30,"G",9,"1-2",50.0,"1-1",100.0,"0-0",0.0,2,1,3,0,0,3
"","","Bethune-Cookman","M. JOHNSON",35,"F",3,"0-0",0.0,"0-0",0.0,"0-0",0.0,0,0,0,0,0,0
"","","Princeton","O. HUTCHERSON",2,"G",29,"8-10",80.0,"0-0",0.0,"3-6",50.0,8,1,2,2,0,19
"","","Princeton","F. TALL",5,"G",31,"5-13",38.5,"3-5",60.0,"0-0",0.0,7,1,3,3,0,13
"","","Princeton","S. BELKER",10,"G",35,"4-12",33.3,"1-3",33.3,"1-2",50.0,2,4,5,2,0,10
"","","Princeton","A. CHEA",13,"G",18,"0-2",0.0,"0-0",0.0,"0-0",0.0,2,2,2,0,0,0
"","","Princeton","M. ST. ROSE",23,"G",38,"6-14",42.9,"3-7",42.9,"5-6",83.3,1,4,1,1,1,20
"","","Princeton","E. EADIE",1,"F",6,"0-2",0.0,"0-1",0.0,"0-0",0.0,0,0,0,0,0,0
"","","Princeton","G. O'SULLIVAN",4,"G",1,"0-0",0.0,"0-0",0.0,"0-0",0.0,0,0,0,0,0,0
"","","Princeton","T. CHARLES",11,"F",14,"0-2",0.0,"0-1",0.0,"0-0",0.0,2,0,1,1,0,0
"","","Princeton","T. NWEKE",21,"G",28,"2-5",40.0,"2-5",40.0,"0-0",0.0,2,1,1,2,2,6
"","","Mount St. Mary's","W. FERGSUON",3,"G",16,"1-3",33.3,"0-0",0.0,"0-0",0.0,3,0,2,2,0,2
"","","Mount St. Mary's","G. HODDINOTT",12,"G",25,"4-8",50.0,"2-5",40.0,"0-0",0.0,2,2,2,3,0,10
"","","Mount St. Mary's","A. BULLARD",14,"C",21,"1-4",25.0,"0-0",0.0,"2-4",50.0,6,0,1,0,2,4
"","","Mount St. Mary's","G. KENNERLY",15,"G",24,"5-11",45.5,"2-5",40.0,"1-1",100.0,4,0,3,1,0,13
"","","Mount St. Mary's","J. JAMISON",20,"F",19,"0-2",0.0,"0-2",0.0,"0-0",0.0,0,0,3,1,0,0
"","","Mount St. Mary's","N. GUERARD",0,"G",10,"0-3",0.0,"0-2",0.0,"0-0",0.0,1,1,3,0,0,0
"","","Mount St. Mary's","B. CARLSON",1,"F",22,"4-12",33.3,"0-3",0.0,"0-0",0.0,5,0,0,1,1,8
"","","Mount St. Mary's","A. POWELL",7,"G",21,"0-7",0.0,"0-2",0.0,"0-0",0.0,3,0,3,2,0,0
"","","Mount St. Mary's","T. IVANOVIC",10,"F",3,"0-0",0.0,"0-0",0.0,"0-0",0.0,0,0,1,0,0,0
"","","Mount St. Mary's","K. LINDSEY",11,"G",12,"0-1",0.0,"0-0",0.0,"0-0",0.0,0,1,2,0,0,0
"","","Mount St. Mary's","M. PARRIS",21,"F",10,"1-5",20.0,"0-3",0.0,"0-0",0.0,0,0,0,0,0,2
"","","Mount St. Mary's","D. TORGUT",35,"G",17,"2-5",40.0,"1-2",50.0,"0-0",0.0,2,0,0,1,0,5
"","","Minnesota","A. BATTLE",3,"G",35,"1-8",12.5,"0-0",0.0,"11-13",84.6,12,7,7,2,0,13
"","","Minnesota","M. BRAUN",10,"G",43,"3-20",15.0,"2-10",20.0,"8-8",100.0,5,3,3,2,2,16
"","","Minnesota","T. MCKINNEY",14,"G",35,"6-15",40.0,"0-4",0.0,"7-11",63.6,5,1,3,2,1,19
"","","Minnesota","G. GROCHOLSKI",25,"F",48,"11-17",64.7,"9-12",75.0,"0-0",0.0,4,6,2,0,0,31
"","","Minnesota","S. HART",52,"C",32,"2-7",28.6,"0-0",0.0,"3-6",50.0,6,0,0,1,0,7
"","","Minnesota","B. GLENN",12,"G",33,"5-7",71.4,"1-2",50.0,"0-0",0.0,6,2,1,3,2,11
"","","Minnesota","F. TONGA",31,"F",9,"0-0",0.0,"0-0",0.0,"0-0",0.0,1,1,1,0,0,0
"","","Minnesota","M. CHRISTIAN",35,"G",15,"0-3",0.0,"0-2",0.0,"2-2",100.0,5,1,0,0,0,2
"","","Minnesota","N. HOLLOWAY",41,"F",0,"0-0",0.0,"0-0",0.0,"0-0",0.0,0,0,0,0,0,0
"","","George Mason","Z. WALTON",2,"F",34,"11-20",55.0,"2-4",50.0,"3-4",75.0,2,1,4,2,1,27
"","","George Mason","K. HARRIS",3,"G",34,"4-11",36.4,"1-5",20.0,"2-2",100.0,5,2,5,1,0,11
"","","George Mason","J. BROWN",13,"G",17,"2-5",40.0,"2-4",50.0,"0-0",0.0,1,0,1,1,0,6
"","","George Mason","M. JOHNSON",14,"F",30,"2-6",33.3,"0-1",0.0,"0-0",0.0,6,1,4,1,1,4
"","","George Mason","L. VOLKER",15,"F",28,"1-2",50.0,"0-1",0.0,"0-0",0.0,2,0,1,1,1,2
"","","George Mason","S. LITTLEJOHN-SHORT",1,"G",6,"0-1",0.0,"0-0",0.0,"1-2",50.0,0,0,1,0,0,1
"","","George Mason","M. AMOATENG",11,"G",30,"4-9",44.4,"1-2",50.0,"0-0",0.0,3,5,3,2,0,9
"","","George Mason","M. MOTTA",12,"G",2,"0-0",0.0,"0-0",0.0,"0-0",0.0,1,0,0,0,0,0
"","","George Mason","L. KEYES",23,"F",2,"0-0",0.0,"0-0",0.0,"0-0",0.0,0,0,0,0,0,0
"","","George Mason","S. BLAIR",30,"C",2,"0-0",0.0,"0-0",0.0,"0-0",0.0,0,0,0,0,0,0
"","","George Mason","P. GREENBURG",32,"G",9,"1-2",50.0,"0-1",0.0,"0-0",0.0,2,0,0,1,0,2
"","","Kentucky","J. OBI",0,"F",28,"2-6",33.3,"0-2",0.0,"2-2",100.0,8,0,3,2,0,6
"","","Kentucky","T. MORGAN",5,"G",37,"7-11",63.6,"4-5",80.0,"4-4",100.0,4,8,8,2,1,22
"","","Kentucky","T. KEY",7,"F",13,"2-4",50.0,"0-0",0.0,"0-0",0.0,0,0,0,0,0,4
"","","Kentucky","C. STRACK",13,"C",39,"4-9",44.4,"1-1",100.0,"0-2",0.0,9,2,2,0,2,9
"","","Kentucky","A. HASSETT",32,"F",32,"4-10",40.0,"2-7",28.6,"0-0",0.0,4,4,3,0,3,10
"","","Kentucky","L. BLUE",4,"G",13,"1-4",25.0,"0-3",0.0,"0-0",0.0,4,1,0,0,0,2
"","","Kentucky","A. BOONE",8,"G",32,"5-12",41.7,"3-9",33.3,"0-0",0.0,3,1,2,1,0,13
"","","Kentucky","K. CARROLL",20,"F",3,"0-2",0.0,"0-1",0.0,"0-0",0.0,0,0,0,0,0,0
"","","Kentucky","J. GILVIN",33,"G",3,"0-0",0.0,"0-0",0.0,"0-0",0.0,0,0,0,0,0,0
2025.0,19740.0,"Minnesota","A. BATTLE",3,"G",35,"1-8",12.5,"0-0",0.0,"11-13",84.6,12,7,7,2,0,13
2025.0,19740.0,"Minnesota","M. BRAUN",10,"G",43,"3-20",15.0,"2-10",20.0,"8-8",100.0,5,3,3,2,2,16
2025.0,19740.0,"Minnesota","T. MCKINNEY",14,"G",35,"6-15",40.0,"0-4",0.0,"7-11",63.6,5,1,3,2,1,19
2025.0,19740.0,"Minnesota","G. GROCHOLSKI",25,"F",48,"11-17",64.7,"9-12",75.0,"0-0",0.0,4,6,2,0,0,31
2025.0,19740.0,"Minnesota","S. HART",52,"C",32,"2-7",28.6,"0-0",0.0,"3-6",50.0,6,0,0,1,0,7
2025.0,19740.0,"Minnesota","B. GLENN",12,"G",33,"5-7",71.4,"1-2",50.0,"0-0",0.0,6,2,1,3,2,11
2025.0,19740.0,"Minnesota","F. TONGA",31,"F",9,"0-0",0.0,"0-0",0.0,"0-0",0.0,1,1,1,0,0,0
2025.0,19740.0,"Minnesota","M. CHRISTIAN",35,"G",15,"0-3",0.0,"0-2",0.0,"2-2",100.0,5,1,0,0,0,2
2025.0,19740.0,"Minnesota","N. HOLLOWAY",41,"F",0,"0-0",0.0,"0-0",0.0,"0-0",0.0,0,0,0,0,0,0
2025.0,19740.0,"Maryland","A. MACK",3,"G",49,"6-17",35.3,"1-5",20.0,"3-4",75.0,8,6,4,1,0,16
2025.0,19740.0,"Maryland","S. POFFENBARGER",6,"G",48,"11-24",45.8,"4-10",40.0,"4-6",66.7,10,3,3,0,1,30
2025.0,19740.0,"Maryland","O. OKANANWA",7,"G",39,"10-22",45.5,"1-3",33.3,"4-5",80.0,8,1,4,3,0,25
2025.0,19740.0,"Maryland","M. MCLEAN",10,"G",14,"1-1",100.0,"0-0",0.0,"0-0",0.0,2,0,0,1,1,2
2025.0,19740.0,"Maryland","Y. GARZON",12,"G",50,"5-13",38.5,"3-6",50.0,"2-2",100.0,7,9,3,1,0,15
2025.0,19740.0,"Maryland","R. WELSON",0,"G",11,"0-2",0.0,"0-0",0.0,"0-0",0.0,1,0,1,0,0,0
2025.0,19740.0,"Maryland","K. WALKER",8,"G",1,"1-1",100.0,"0-0",0.0,"1-1",100.0,0,0,0,1,0,3
2025.0,19740.0,"Maryland","I. OZZY-MOMODU",9,"F",29,"3-4",75.0,"0-0",0.0,"1-2",50.0,8,1,1,3,2,7
2025.0,19740.0,"Maryland","M. BOIKO",11,"F",0,"0-0",0.0,"0-0",0.0,"0-0",0.0,0,0,0,0,0,0
2025.0,19740.0,"Maryland","B. WILLIAMS",40,"F",9,"1-2",50.0,"0-1",0.0,"0-0",0.0,1,0,2,0,0,2
2025.0,18935.0,"Maryland","O. OKANANWA",7,"G",26,"7-12",58.3,"0-1",0.0,"4-5",80.0,6,1,5,3,0,18
2025.0,18935.0,"Maryland","K. WALKER",8,"G",34,"4-10",40.0,"0-1",0.0,"5-5",100.0,2,6,0,3,0,13
2025.0,18935.0,"Maryland","I. OZZY-MOMODU",9,"F",26,"5-9",55.6,"0-0",0.0,"1-2",50.0,11,3,1,4,0,11
2025.0,18935.0,"Maryland","M. MCLEAN",10,"G",22,"3-3",100.0,"0-0",0.0,"5-6",83.3,8,3,1,1,1,11
2025.0,18935.0,"Maryland","Y. GARZON",12,"G",28,"7-14",50.0,"4-9",44.4,"0-0",0.0,2,0,1,0,0,18
2025.0,18935.0,"Maryland","R. WELSON",0,"G",10,"0-2",0.0,"0-2",0.0,"0-0",0.0,0,1,0,0,0,0
2025.0,18935.0,"Maryland","M. BOIKO",11,"F",27,"3-9",33.3,"0-0",0.0,"2-2",100.0,7,3,0,1,5,8
2025.0,18935.0,"Maryland","N. FRITEA",21,"F",10,"1-2",50.0,"0-0",0.0,"1-2",50.0,0,0,0,1,1,3
2025.0,18935.0,"Maryland","B. WILLIAMS",40,"F",17,"2-6",33.3,"1-1",100.0,"4-5",80.0,6,2,1,1,0,9
2025.0,18935.0,"Delaware St.","J. FRIERSON",3,"G",30,"0-5",0.0,"0-0",0.0,"0-0",0.0,2,0,4,2,0,0
2025.0,18935.0,"Delaware St.","N. SANDERS",5,"G",23,"0-2",0.0,"0-1",0.0,"0-0",0.0,1,1,3,0,0,0
2025.0,18935.0,"Delaware St.","E. HUGGINS",10,"F",16,"1-2",50.0,"0-0",0.0,"0-0",0.0,5,0,4,1,1,2
2025.0,18935.0,"Delaware St.","A. JONES",11,"G",21,"1-3",33.3,"0-0",0.0,"4-4",100.0,0,0,3,0,1,6
2025.0,18935.0,"Delaware St.","Z. REYNOLDS",55,"F",15,"0-1",0.0,"0-0",0.0,"0-0",0.0,1,0,3,1,1,0
2025.0,18935.0,"Delaware St.","A. SCOTT",1,"G",15,"2-7",28.6,"1-2",50.0,"0-0",0.0,0,0,3,0,0,5
2025.0,18935.0,"Delaware St.","C. WILLIAMS",2,"G",7,"0-3",0.0,"0-2",0.0,"1-2",50.0,0,0,1,0,0,1
2025.0,18935.0,"Delaware St.","A. GEIGER",4,"F",20,"2-2",100.0,"0-0",0.0,"0-0",0.0,3,0,1,0,0,4
2025.0,18935.0,"Delaware St.","L. BURTON",20,"G",8,"1-4",25.0,"0-0",0.0,"0-2",0.0,0,0,0,0,0,2
2025.0,18935.0,"Delaware St.","I. ADDISON",24,"F",13,"0-4",0.0,"0-0",0.0,"1-2",50.0,2,0,0,0,0,1
2025.0,18935.0,"Delaware St.","T. SMITH",30,"G",15,"0-3",0.0,"0-0",0.0,"0-2",0.0,2,0,1,0,0,0
2025.0,18935.0,"Delaware St.","L. HARRISON",40,"F",17,"0-2",0.0,"0-0",0.0,"0-0",0.0,0,1,3,0,1,0
2025.0,18936.0,"Maryland","A. MACK",3,"G",23,"6-13",46.2,"0-3",0.0,"3-5",60.0,4,3,0,3,0,15
2025.0,18936.0,"Maryland","O. OKANANWA",7,"G",23,"10-16",62.5,"0-3",0.0,"2-4",50.0,10,6,3,4,0,22
2025.0,18936.0,"Maryland","K. WALKER",8,"G",33,"3-10",30.0,"0-1",0.0,"0-0",0.0,5,6,1,2,0,6
2025.0,18936.0,"Maryland","I. OZZY-MOMODU",9,"F",22,"5-7",71.4,"0-0",0.0,"0-0",0.0,9,0,1,3,4,10
2025.0,18936.0,"Maryland","Y. GARZON",12,"G",31,"9-19",47.4,"7-16",43.8,"0-0",0.0,7,2,1,0,0,25
2025.0,18936.0,"Maryland","M. MCLEAN",10,"G",13,"0-2",0.0,"0-0",0.0,"3-4",75.0,4,2,1,2,0,3
2025.0,18936.0,"Maryland","M. BOIKO",11,"F",26,"2-6",33.3,"0-0",0.0,"2-2",100.0,5,1,1,0,2,6
2025.0,18936.0,"Maryland","N. FRITEA",21,"F",11,"1-1",100.0,"0-0",0.0,"0-0",0.0,5,1,0,0,1,2
2025.0,18936.0,"Maryland","B. WILLIAMS",40,"F",18,"3-5",60.0,"1-1",100.0,"2-4",50.0,5,2,1,0,0,9
2025.0,18936.0,"Central Conn. St.","K. LEWIS",2,"F",30,"1-11",9.1,"0-6",0.0,"2-2",100.0,5,0,1,0,1,4
2025.0,18936.0,"Central Conn. St.","K. HENRY",11,"F",32,"1-10",10.0,"0-0",0.0,"0-0",0.0,5,1,1,2,0,2
2025.0,18936.0,"Central Conn. St.","L. NOIN",12,"F",36,"5-16",31.3,"2-6",33.3,"0-0",0.0,6,1,8,1,0,12
2025.0,18936.0,"Central Conn. St.","J. FARRELL",14,"G",7,"0-1",0.0,"0-0",0.0,"0-0",0.0,1,1,2,0,0,0
2025.0,18936.0,"Central Conn. St.","C. PEARSON",21,"G",17,"1-3",33.3,"0-0",0.0,"0-0",0.0,3,0,2,1,0,2
2025.0,18936.0,"Central Conn. St.","I. LYKAKI",1,"G",3,"0-0",0.0,"0-0",0.0,"0-0",0.0,1,0,1,0,0,0
2025.0,18936.0,"Central Conn. St.","C. RAMOS",3,"G",30,"1-10",10.0,"1-6",16.7,"1-2",50.0,4,2,4,0,1,4
2025.0,18936.0,"Central Conn. St.","T. BARNES",4,"G",13,"1-3",33.3,"0-1",0.0,"0-0",0.0,2,0,4,0,0,2
2025.0,18936.0,"Central Conn. St.","M. TOURE",10,"F",9,"0-1",0.0,"0-0",0.0,"0-0",0.0,1,0,0,0,0,0
2025.0,18936.0,"Central Conn. St.","J. STEVENS",22,"F",4,"0-0",0.0,"0-0",0.0,"0-0",0.0,1,0,0,0,1,0
2025.0,18936.0,"Central Conn. St.","R. AYVA",23,"G",1,"0-0",0.0,"0-0",0.0,"0-0",0.0,1,0,0,0,0,0
2025.0,18936.0,"Central Conn. St.","N. PATRICK",24,"G",18,"2-8",25.0,"0-3",0.0,"0-0",0.0,4,0,2,0,0,4
2025.0,19741.0,"Maryland","A. MACK",3,"G",29,"5-12",41.7,"0-4",0.0,"5-5",100.0,6,2,5,1,0,15
2025.0,19741.0,"Maryland","S. POFFENBARGER",6,"G",27,"5-12",41.7,"2-7",28.6,"2-2",100.0,4,2,0,3,1,14
2025.0,19741.0,"Maryland","O. OKANANWA",7,"G",19,"10-15",66.7,"3-4",75.0,"5-6",83.3,5,1,3,6,0,28
2025.0,19741.0,"Maryland","I. OZZY-MOMODU",9,"F",18,"3-3",100.0,"0-0",0.0,"0-0",0.0,9,0,3,0,0,6
2025.0,19741.0,"Maryland","Y. GARZON",12,"G",29,"5-8",62.5,"3-5",60.0,"2-2",100.0,7,0,1,0,1,15
2025.0,19741.0,"Maryland","R. WELSON",0,"G",14,"0-5",0.0,"0-5",0.0,"0-0",0.0,1,2,2,2,0,0
2025.0,19741.0,"Maryland","K. WALKER",8,"G",24,"1-4",25.0,"0-1",0.0,"6-8",75.0,4,4,2,1,0,8
2025.0,19741.0,"Maryland","M. MCLEAN",10,"G",19,"0-1",0.0,"0-0",0.0,"3-4",75.0,8,1,0,0,0,3
2025.0,19741.0,"Maryland","M. BOIKO",11,"F",13,"1-1",100.0,"0-0",0.0,"1-2",50.0,1,1,3,1,0,3
2025.0,19741.0,"Maryland","N. FRITEA",21,"F",3,"0-1",0.0,"0-0",0.0,"2-2",100.0,1,0,0,0,0,2
2025.0,19741.0,"Maryland","B. WILLIAMS",40,"F",5,"1-2",50.0,"0-1",0.0,"1-2",50.0,1,0,0,0,0,3
2025.0,19741.0,"Wisconsin","D. HOWELL",1,"G",28,"5-14",35.7,"1-6",16.7,"3-3",100.0,2,1,5,2,1,14
2025.0,19741.0,"Wisconsin","B. WARE",3,"G",16,"1-4",25.0,"0-0",0.0,"2-3",66.7,1,0,2,1,0,4
2025.0,19741.0,"Wisconsin","R. PORTER",13,"G",30,"1-6",16.7,"0-1",0.0,"1-2",50.0,3,4,4,0,0,3
2025.0,19741.0,"Wisconsin","G. UCHENNA",15,"F",15,"2-5",40.0,"0-0",0.0,"0-0",0.0,5,0,2,0,0,4
2025.0,19741.0,"Wisconsin","K. DANIELS",20,"",32,"4-15",26.7,"2-11",18.2,"0-0",0.0,1,0,2,1,1,10
2025.0,19741.0,"Wisconsin","N. KERSTEIN",0,"",4,"0-0",0.0,"0-0",0.0,"0-0",0.0,0,1,1,0,0,0
2025.0,19741.0,"Wisconsin","A. BISBALLE",2,"F",5,"0-0",0.0,"0-0",0.0,"1-2",50.0,0,0,0,0,0,1
2025.0,19741.0,"Wisconsin","L. KRAHN",4,"G",15,"1-2",50.0,"1-1",100.0,"0-0",0.0,1,0,0,0,0,3
2025.0,19741.0,"Wisconsin","L. PATIBANDLA",5,"G",2,"0-0",0.0,"0-0",0.0,"0-0",0.0,1,0,0,0,0,0
2025.0,19741.0,"Wisconsin","D. ZAJA",6,"",12,"1-3",33.3,"0-0",0.0,"1-1",100.0,2,1,1,1,0,3
2025.0,19741.0,"Wisconsin","A. MARTÃ­N MESA",9,"G",2,"0-0",0.0,"0-0",0.0,"0-0",0.0,0,0,0,0,0,0
2025.0,19741.0,"Wisconsin","J. SPASOVSKI",11,"G",8,"3-4",75.0,"0-1",0.0,"0-0",0.0,1,0,2,0,0,6
2025.0,19741.0,"Wisconsin","S. BOLLIN",22,"F",19,"2-8",25.0,"1-6",16.7,"4-4",100.0,5,1,2,1,2,9
2025.0,19741.0,"Wisconsin","L. STEELE",24,"G",12,"0-5",0.0,"0-2",0.0,"2-2",100.0,0,0,0,1,0,2
"","","Central Conn. St.","K. LEWIS",2,"F",30,"1-11",9.1,"0-6",0.0,"2-2",100.0,5,0,1,0,1,4
"","","Central Conn. St.","K. HENRY",11,"F",32,"1-10",10.0,"0-0",0.0,"0-0",0.0,5,1,1,2,0,2
"","","Central Conn. St.","L. NOIN",12,"F",36,"5-16",31.3,"2-6",33.3,"0-0",0.0,6,1,8,1,0,12
"","","Central Conn. St.","J. FARRELL",14,"G",7,"0-1",0.0,"0-0",0.0,"0-0",0.0,1,1,2,0,0,0
"","","Central Conn. St.","C. PEARSON",21,"G",17,"1-3",33.3,"0-0",0.0,"0-0",0.0,3,0,2,1,0,2
"","","Central Conn. St.","I. LYKAKI",1,"G",3,"0-0",0.0,"0-0",0.0,"0-0",0.0,1,0,1,0,0,0
"","","Central Conn. St.","C. RAMOS",3,"G",30,"1-10",10.0,"1-6",16.7,"1-2",50.0,4,2,4,0,1,4
"","","Central Conn. St.","T. BARNES",4,"G",13,"1-3",33.3,"0-1",0.0,"0-0",0.0,2,0,4,0,0,2
"","","Central Conn. St.","M. TOURE",10,"F",9,"0-1",0.0,"0-0",0.0,"0-0",0.0,1,0,0,0,0,0
"","","Central Conn. St.","J. STEVENS",22,"F",4,"0-0",0.0,"0-0",0.0,"0-0",0.0,1,0,0,0,1,0
"","","Central Conn. St.","R. AYVA",23,"G",1,"0-0",0.0,"0-0",0.0,"0-0",0.0,1,0,0,0,0,0
"","","Central Conn. St.","N. PATRICK",24,"G",18,"2-8",25.0,"0-3",0.0,"0-0",0.0,4,0,2,0,0,4
"","","Delaware St.","J. FRIERSON",3,"G",30,"0-5",0.0,"0-0",0.0,"0-0",0.0,2,0,4,2,0,0
"","","Delaware St.","N. SANDERS",5,"G",23,"0-2",0.0,"0-1",0.0,"0-0",0.0,1,1,3,0,0,0
"","","Delaware St.","E. HUGGINS",10,"F",16,"1-2",50.0,"0-0",0.0,"0-0",0.0,5,0,4,1,1,2
"","","Delaware St.","A. JONES",11,"G",21,"1-3",33.3,"0-0",0.0,"4-4",100.0,0,0,3,0,1,6
"","","Delaware St.","Z. REYNOLDS",55,"F",15,"0-1",0.0,"0-0",0.0,"0-0",0.0,1,0,3,1,1,0
"","","Delaware St.","A. SCOTT",1,"G",15,"2-7",28.6,"1-2",50.0,"0-0",0.0,0,0,3,0,0,5
"","","Delaware St.","C. WILLIAMS",2,"G",7,"0-3",0.0,"0-2",0.0,"1-2",50.0,0,0,1,0,0,1
"","","Delaware St.","A. GEIGER",4,"F",20,"2-2",100.0,"0-0",0.0,"0-0",0.0,3,0,1,0,0,4
"","","Delaware St.","L. BURTON",20,"G",8,"1-4",25.0,"0-0",0.0,"0-2",0.0,0,0,0,0,0,2
"","","Delaware St.","I. ADDISON",24,"F",13,"0-4",0.0,"0-0",0.0,"1-2",50.0,2,0,0,0,0,1
"","","Delaware St.","T. SMITH",30,"G",15,"0-3",0.0,"0-0",0.0,"0-2",0.0,2,0,1,0,0,0
"","","Delaware St.","L. HARRISON",40,"F",17,"0-2",0.0,"0-0",0.0,"0-0",0.0,0,1,3,0,1,0
"","","Wisconsin","D. HOWELL",1,"G",28,"5-14",35.7,"1-6",16.7,"3-3",100.0,2,1,5,2,1,14
"","","Wisconsin","B. WARE",3,"G",16,"1-4",25.0,"0-0",0.0,"2-3",66.7,1,0,2,1,0,4
"","","Wisconsin","R. PORTER",13,"G",30,"1-6",16.7,"0-1",0.0,"1-2",50.0,3,4,4,0,0,3
"","","Wisconsin","G. UCHENNA",15,"F",15,"2-5",40.0,"0-0",0.0,"0-0",0.0,5,0,2,0,0,4
"","","Wisconsin","K. DANIELS",20,"",32,"4-15",26.7,"2-11",18.2,"0-0",0.0,1,0,2,1,1,10
"","","Wisconsin","N. KERSTEIN",0,"",4,"0-0",0.0,"0-0",0.0,"0-0",0.0,0,1,1,0,0,0
"","","Wisconsin","A. BISBALLE",2,"F",5,"0-0",0.0,"0-0",0.0,"1-2",50.0,0,0,0,0,0,1
"","","Wisconsin","L. KRAHN",4,"G",15,"1-2",50.0,"1-1",100.0,"0-0",0.0,1,0,0,0,0,3
"","","Wisconsin","L. PATIBANDLA",5,"G",2,"0-0",0.0,"0-0",0.0,"0-0",0.0,1,0,0,0,0,0
"","","Wisconsin","D. ZAJA",6,"",12,"1-3",33.3,"0-0",0.0,"1-1",100.0,2,1,1,1,0,3
"","","Wisconsin","A. MARTÃ­N MESA",9,"G",2,"0-0",0.0,"0-0",0.0,"0-0",0.0,0,0,0,0,0,0
"","","Wisconsin","J. SPASOVSKI",11,"G",8,"3-4",75.0,"0-1",0.0,"0-0",0.0,1,0,2,0,0,6
"","","Wisconsin","S. BOLLIN",22,"F",19,"2-8",25.0,"1-6",16.7,"4-4",100.0,5,1,2,1,2,9
"","","Wisconsin","L. STEELE",24,"G",12,"0-5",0.0,"0-2",0.0,"2-2",100.0,0,0,0,1,0,2
2025.0,19742.0,"Illinois","D. JACKSON",2,"G",24,"3-8",37.5,"1-2",50.0,"2-2",100.0,1,3,0,1,0,9
2025.0,19742.0,"Illinois","G. DOLAN",4,"G",31,"7-15",46.7,"0-2",0.0,"3-3",100.0,0,1,1,1,0,17
2025.0,19742.0,"Illinois","J. BROWN-HAGGER",8,"G",26,"2-6",33.3,"1-2",50.0,"1-2",50.0,1,1,2,1,1,6
2025.0,19742.0,"Illinois","B. WALLACE",23,"F",37,"7-15",46.7,"2-5",40.0,"6-6",100.0,7,2,1,0,1,22
2025.0,19742.0,"Illinois","C. PARCHMENT",30,"F",36,"4-10",40.0,"1-3",33.3,"8-10",80.0,8,1,3,3,3,17
2025.0,19742.0,"Illinois","A. GUYTON",1,"G",17,"0-3",0.0,"0-0",0.0,"0-0",0.0,1,3,3,1,0,0
2025.0,19742.0,"Illinois","M. WEBBER",34,"G",22,"1-5",20.0,"0-0",0.0,"0-0",0.0,1,0,0,0,0,2
2025.0,19742.0,"Illinois","L. VASCONCELOS",35,"C",7,"0-1",0.0,"0-0",0.0,"0-0",0.0,3,0,1,0,0,0
2025.0,19742.0,"Maryland","A. MACK",3,"G",13,"2-4",50.0,"0-0",0.0,"0-0",0.0,1,0,2,0,0,4
2025.0,19742.0,"Maryland","S. POFFENBARGER",6,"G",39,"5-15",33.3,"0-3",0.0,"5-8",62.5,8,6,2,0,1,15
2025.0,19742.0,"Maryland","O. OKANANWA",7,"G",38,"4-7",57.1,"0-0",0.0,"4-5",80.0,2,0,3,1,0,12
2025.0,19742.0,"Maryland","I. OZZY-MOMODU",9,"F",10,"3-6",50.0,"0-0",0.0,"0-0",0.0,4,0,0,0,0,6
2025.0,19742.0,"Maryland","Y. GARZON",12,"G",40,"7-18",38.9,"1-7",14.3,"2-2",100.0,7,2,4,0,0,17
2025.0,19742.0,"Maryland","R. WELSON",0,"G",5,"0-1",0.0,"0-1",0.0,"0-0",0.0,3,0,2,0,0,0
2025.0,19742.0,"Maryland","K. WALKER",8,"G",22,"2-4",50.0,"0-0",0.0,"2-2",100.0,2,1,4,1,0,6
2025.0,19742.0,"Maryland","M. MCLEAN",10,"G",1,"0-0",0.0,"0-0",0.0,"1-2",50.0,0,0,0,0,0,1
2025.0,19742.0,"Maryland","M. BOIKO",11,"F",26,"1-2",50.0,"0-0",0.0,"5-6",83.3,4,3,1,1,0,7
2025.0,19742.0,"Maryland","B. WILLIAMS",40,"F",6,"1-2",50.0,"0-1",0.0,"0-0",0.0,2,0,0,0,0,2
2025.0,19743.0,"Maryland","A. MACK",3,"G",22,"2-8",25.0,"0-3",0.0,"0-0",0.0,3,5,1,0,0,4
2025.0,19743.0,"Maryland","S. POFFENBARGER",6,"G",25,"2-7",28.6,"1-3",33.3,"2-2",100.0,4,6,3,1,1,7
2025.0,19743.0,"Maryland","O. OKANANWA",7,"G",32,"12-22",54.5,"3-7",42.9,"7-9",77.8,2,3,1,3,0,34
2025.0,19743.0,"Maryland","I. OZZY-MOMODU",9,"F",30,"6-7",85.7,"0-0",0.0,"0-0",0.0,15,1,1,0,0,12
2025.0,19743.0,"Maryland","Y. GARZON",12,"G",35,"3-9",33.3,"2-6",33.3,"0-0",0.0,1,1,0,0,0,8
2025.0,19743.0,"Maryland","R. WELSON",0,"G",8,"1-2",50.0,"0-0",0.0,"0-0",0.0,0,0,0,0,0,2
2025.0,19743.0,"Maryland","K. WALKER",8,"G",25,"2-3",66.7,"0-1",0.0,"2-2",100.0,1,2,1,1,0,6
2025.0,19743.0,"Maryland","M. MCLEAN",10,"G",5,"0-0",0.0,"0-0",0.0,"2-2",100.0,0,0,2,2,0,2
2025.0,19743.0,"Maryland","M. BOIKO",11,"F",15,"2-4",50.0,"0-0",0.0,"2-2",100.0,3,1,1,0,0,6
2025.0,19743.0,"Maryland","B. WILLIAMS",40,"F",3,"0-1",0.0,"0-0",0.0,"1-2",50.0,1,0,0,0,0,1
2025.0,19743.0,"Indiana","N. CAFFEY",2,"G",34,"3-6",50.0,"0-0",0.0,"5-6",83.3,4,2,3,0,0,11
2025.0,19743.0,"Indiana","M. MAKALUSKY",3,"F",37,"7-17",41.2,"6-13",46.2,"0-0",0.0,1,0,1,0,0,20
2025.0,19743.0,"Indiana","L. BEAUMONT",5,"G",38,"4-11",36.4,"2-5",40.0,"1-2",50.0,5,2,5,0,0,11
2025.0,19743.0,"Indiana","E. NOYAN",8,"F",21,"2-3",66.7,"0-0",0.0,"0-0",0.0,2,0,2,0,0,4
2025.0,19743.0,"Indiana","S. CIEZKI",10,"G",37,"5-9",55.6,"1-3",33.3,"6-7",85.7,2,3,3,1,0,17
2025.0,19743.0,"Indiana","P. STOTIJN",1,"G",4,"0-0",0.0,"0-0",0.0,"0-0",0.0,0,0,1,0,0,0
2025.0,19743.0,"Indiana","J. KIAKU",7,"G",10,"0-0",0.0,"0-0",0.0,"0-0",0.0,2,3,1,0,0,0
2025.0,19743.0,"Indiana","Z. SOCKA-NGUEMEN",23,"F",17,"2-3",66.7,"0-0",0.0,"0-0",0.0,3,2,3,0,0,4
2025.0,19743.0,"Indiana","J. ONDINEME",45,"F",2,"0-0",0.0,"0-0",0.0,"0-0",0.0,1,0,0,0,0,0
2025.0,19744.0,"Rutgers","K. IVEY",2,"G",26,"0-5",0.0,"0-4",0.0,"0-0",0.0,4,3,3,1,0,0
2025.0,19744.0,"Rutgers","N. NDIAYE",10,"F",21,"2-10",20.0,"1-2",50.0,"6-8",75.0,4,0,3,1,0,11
2025.0,19744.0,"Rutgers","F. BLACKSTONE",12,"F",25,"3-7",42.9,"0-3",0.0,"0-0",0.0,4,0,4,0,1,6
2025.0,19744.0,"Rutgers","Z. PERKINS",22,"F",32,"0-7",0.0,"0-2",0.0,"5-8",62.5,4,1,2,1,1,5
2025.0,19744.0,"Rutgers","I. LESTER",30,"C",25,"2-12",16.7,"0-1",0.0,"4-4",100.0,5,2,0,1,2,8
2025.0,19744.0,"Rutgers","L. SWANN",1,"G",11,"2-6",33.3,"2-4",50.0,"1-2",50.0,2,0,2,0,0,7
2025.0,19744.0,"Rutgers","M. MOORE",3,"G",3,"0-0",0.0,"0-0",0.0,"0-0",0.0,0,0,0,0,0,0
2025.0,19744.0,"Rutgers","A. BATES",4,"F",25,"0-3",0.0,"0-0",0.0,"0-0",0.0,5,3,3,1,0,0
2025.0,19744.0,"Rutgers","D. YOUNG",5,"G",10,"0-1",0.0,"0-0",0.0,"0-0",0.0,0,1,1,1,0,0
2025.0,19744.0,"Rutgers","P. WHEELER",7,"F",6,"0-1",0.0,"0-0",0.0,"0-0",0.0,0,0,1,0,0,0
2025.0,19744.0,"Rutgers","J. WALKER",44,"F",16,"2-3",66.7,"0-0",0.0,"0-0",0.0,2,0,1,0,1,4
2025.0,19744.0,"Maryland","A. MACK",3,"G",29,"3-9",33.3,"3-5",60.0,"6-6",100.0,1,1,1,0,1,15
2025.0,19744.0,"Maryland","S. POFFENBARGER",6,"G",13,"1-1",100.0,"1-1",100.0,"0-0",0.0,4,3,4,2,2,3
2025.0,19744.0,"Maryland","O. OKANANWA",7,"G",20,"4-9",44.4,"1-3",33.3,"1-2",50.0,6,3,5,3,0,10
2025.0,19744.0,"Maryland","I. OZZY-MOMODU",9,"F",20,"5-9",55.6,"0-0",0.0,"0-2",0.0,12,1,0,2,0,10
2025.0,19744.0,"Maryland","Y. GARZON",12,"G",25,"6-6",100.0,"6-6",100.0,"0-0",0.0,4,9,3,0,1,18
2025.0,19744.0,"Maryland","R. WELSON",0,"G",16,"4-8",50.0,"4-8",50.0,"0-0",0.0,1,1,0,0,0,12
2025.0,19744.0,"Maryland","K. WALKER",8,"G",30,"0-6",0.0,"0-1",0.0,"2-2",100.0,5,4,1,0,0,2
2025.0,19744.0,"Maryland","M. MCLEAN",10,"G",11,"3-4",75.0,"0-0",0.0,"0-0",0.0,5,0,4,1,1,6
2025.0,19744.0,"Maryland","M. BOIKO",11,"F",26,"1-6",16.7,"0-0",0.0,"2-2",100.0,6,1,0,0,0,4
2025.0,19744.0,"Maryland","N. FRITEA",21,"F",2,"0-0",0.0,"0-0",0.0,"0-0",0.0,0,0,0,0,0,0
2025.0,19744.0,"Maryland","B. WILLIAMS",40,"F",8,"2-2",100.0,"1-1",100.0,"3-5",60.0,1,0,0,1,0,8
2025.0,19745.0,"Maryland","A. MACK",3,"G",28,"1-5",20.0,"0-2",0.0,"1-2",50.0,1,4,5,0,0,3
2025.0,19745.0,"Maryland","S. POFFENBARGER",6,"G",25,"2-6",33.3,"0-2",0.0,"0-0",0.0,4,6,3,0,1,4
2025.0,19745.0,"Maryland","O. OKANANWA",7,"G",30,"9-20",45.0,"0-4",0.0,"9-10",90.0,9,2,4,2,0,27
2025.0,19745.0,"Maryland","I. OZZY-MOMODU",9,"F",15,"2-5",40.0,"0-0",0.0,"1-2",50.0,8,0,0,0,0,5
2025.0,19745.0,"Maryland","Y. GARZON",12,"G",40,"7-14",50.0,"5-10",50.0,"0-0",0.0,8,5,2,1,0,19
2025.0,19745.0,"Maryland","R. WELSON",0,"G",18,"4-10",40.0,"4-8",50.0,"0-0",0.0,0,0,0,0,0,12
2025.0,19745.0,"Maryland","K. WALKER",8,"G",7,"1-2",50.0,"0-1",0.0,"0-0",0.0,1,0,1,0,0,2
2025.0,19745.0,"Maryland","M. MCLEAN",10,"G",10,"0-0",0.0,"0-0",0.0,"0-2",0.0,3,0,0,0,0,0
2025.0,19745.0,"Maryland","M. BOIKO",11,"F",27,"2-6",33.3,"0-0",0.0,"0-0",0.0,3,1,2,2,2,4
2025.0,19745.0,"Ohio St.","K. KITTS",1,"F",33,"7-13",53.8,"3-5",60.0,"1-1",100.0,8,3,2,1,0,18
2025.0,19745.0,"Ohio St.","C. GRAY",2,"G",30,"5-10",50.0,"1-3",33.3,"0-0",0.0,1,3,3,1,0,11
2025.0,19745.0,"Ohio St.","K. CAMBRIDGE",3,"G",29,"5-10",50.0,"3-5",60.0,"1-2",50.0,2,4,0,4,0,14
2025.0,19745.0,"Ohio St.","E. LEMMILÃ¤",12,"C",37,"4-7",57.1,"0-0",0.0,"0-0",0.0,11,3,1,0,1,8
2025.0,19745.0,"Ohio St.","J. CAMBRIDGE",22,"G",40,"9-19",47.4,"2-5",40.0,"8-8",100.0,9,8,4,2,0,28
2025.0,19745.0,"Ohio St.","T. TODD",4,"G",4,"0-2",0.0,"0-1",0.0,"0-0",0.0,1,0,1,0,0,0
2025.0,19745.0,"Ohio St.","A. WATSON",5,"G",18,"3-6",50.0,"1-2",50.0,"0-0",0.0,3,1,0,1,0,7
2025.0,19745.0,"Ohio St.","B. MARTIN",8,"G",9,"1-1",100.0,"1-1",100.0,"0-0",0.0,1,0,0,0,0,3
2025.0,19746.0,"Southern California","L. JONES",3,"G",30,"1-8",12.5,"0-4",0.0,"5-6",83.3,3,0,2,0,1,7
2025.0,19746.0,"Southern California","L. WILLIAMS",6,"F",14,"2-3",66.7,"0-0",0.0,"0-0",0.0,1,0,0,0,0,4
2025.0,19746.0,"Southern California","J. DAVIDSON",9,"G",37,"5-23",21.7,"1-11",9.1,"1-1",100.0,5,5,2,3,1,12
2025.0,19746.0,"Southern California","M. SAMUELS",10,"G",39,"1-11",9.1,"0-4",0.0,"0-0",0.0,5,1,2,1,2,2
2025.0,19746.0,"Southern California","K. DUNN",25,"G",34,"7-16",43.8,"4-12",33.3,"3-4",75.0,5,5,0,1,0,21
2025.0,19746.0,"Southern California","V. IWUCHUKWU",0,"F",15,"1-2",50.0,"0-0",0.0,"3-4",75.0,5,0,2,1,0,5
2025.0,19746.0,"Southern California","G. RAULUSAITYTE",8,"F",11,"1-1",100.0,"0-0",0.0,"0-0",0.0,0,1,1,0,0,2
2025.0,19746.0,"Southern California","D. MENDES",13,"F",20,"1-3",33.3,"0-1",0.0,"0-0",0.0,5,2,0,0,0,2
2025.0,19746.0,"Maryland","A. MACK",3,"G",27,"4-10",40.0,"0-3",0.0,"4-5",80.0,3,1,1,1,0,12
2025.0,19746.0,"Maryland","S. POFFENBARGER",6,"G",28,"3-10",30.0,"2-6",33.3,"1-1",100.0,6,1,5,1,2,9
2025.0,19746.0,"Maryland","O. OKANANWA",7,"G",25,"2-8",25.0,"0-1",0.0,"3-4",75.0,7,1,5,0,0,7
2025.0,19746.0,"Maryland","I. OZZY-MOMODU",9,"F",27,"4-6",66.7,"0-0",0.0,"2-2",100.0,9,1,2,0,1,10
2025.0,19746.0,"Maryland","Y. GARZON",12,"G",38,"3-6",50.0,"2-5",40.0,"2-2",100.0,3,4,2,1,0,10
2025.0,19746.0,"Maryland","R. WELSON",0,"G",2,"0-0",0.0,"0-0",0.0,"0-0",0.0,0,0,0,0,0,0
2025.0,19746.0,"Maryland","K. WALKER",8,"G",26,"0-4",0.0,"0-1",0.0,"9-10",90.0,2,3,1,0,0,9
2025.0,19746.0,"Maryland","M. MCLEAN",10,"G",8,"0-0",0.0,"0-0",0.0,"0-0",0.0,2,1,0,0,0,0
2025.0,19746.0,"Maryland","M. BOIKO",11,"F",10,"1-1",100.0,"0-0",0.0,"0-0",0.0,2,1,1,0,0,2
2025.0,19746.0,"Maryland","B. WILLIAMS",40,"F",9,"1-1",100.0,"0-0",0.0,"1-2",50.0,4,0,1,0,0,3
2025.0,19747.0,"Ucla","K. RICE",1,"G",30,"4-9",44.4,"0-1",0.0,"0-0",0.0,5,6,1,1,1,8
2025.0,19747.0,"Ucla","C. LEGER-WALKER",5,"G",32,"6-12",50.0,"4-8",50.0,"1-3",33.3,9,8,4,1,0,17
2025.0,19747.0,"Ucla","G. KNEEPKENS",8,"G",29,"6-9",66.7,"4-7",57.1,"0-0",0.0,4,5,1,1,0,16
2025.0,19747.0,"Ucla","G. JAQUEZ",11,"F",33,"10-13",76.9,"2-3",66.7,"0-0",0.0,4,3,1,0,0,22
2025.0,19747.0,"Ucla","L. BETTS",51,"C",22,"5-7",71.4,"0-0",0.0,"1-2",50.0,5,2,1,0,5,11
2025.0,19747.0,"Ucla","C. KARAMOUZI SIEGEL",3,"G",1,"0-0",0.0,"0-0",0.0,"0-0",0.0,0,0,0,0,0,0
2025.0,19747.0,"Ucla","S. BETTS",16,"F",16,"3-3",100.0,"1-1",100.0,"2-4",50.0,6,3,3,0,0,9
2025.0,19747.0,"Ucla","A. DUGALIÄ‡",32,"F",27,"5-9",55.6,"2-3",66.7,"0-0",0.0,8,4,4,0,1,12
2025.0,19747.0,"Ucla","A. MUSE",33,"F",10,"1-2",50.0,"0-0",0.0,"0-0",0.0,3,0,1,1,2,2
2025.0,19747.0,"Maryland","A. MACK",3,"G",33,"6-13",46.2,"0-4",0.0,"0-0",0.0,3,2,2,2,1,12
2025.0,19747.0,"Maryland","S. POFFENBARGER",6,"G",33,"6-14",42.9,"1-6",16.7,"2-2",100.0,5,2,0,0,1,15
2025.0,19747.0,"Maryland","O. OKANANWA",7,"G",35,"9-15",60.0,"3-4",75.0,"4-6",66.7,5,0,1,2,0,25
2025.0,19747.0,"Maryland","I. OZZY-MOMODU",9,"F",17,"1-3",33.3,"0-0",0.0,"0-0",0.0,2,2,2,0,0,2
2025.0,19747.0,"Maryland","Y. GARZON",12,"G",30,"2-11",18.2,"2-8",25.0,"1-2",50.0,0,2,0,0,1,7
2025.0,19747.0,"Maryland","K. WALKER",8,"G",22,"0-4",0.0,"0-0",0.0,"2-2",100.0,3,4,2,0,0,2
2025.0,19747.0,"Maryland","M. MCLEAN",10,"G",7,"0-1",0.0,"0-0",0.0,"0-0",0.0,0,1,0,0,0,0
2025.0,19747.0,"Maryland","M. BOIKO",11,"F",9,"1-2",50.0,"0-0",0.0,"0-0",0.0,0,0,2,0,0,2
2025.0,19747.0,"Maryland","B. WILLIAMS",40,"F",14,"1-7",14.3,"0-1",0.0,"0-0",0.0,2,0,0,0,0,2
2025.0,19748.0,"Maryland","A. MACK",3,"G",31,"2-8",25.0,"0-2",0.0,"1-1",100.0,2,5,1,0,0,5
2025.0,19748.0,"Maryland","S. POFFENBARGER",6,"G",39,"2-10",20.0,"2-7",28.6,"1-2",50.0,5,4,2,2,0,7
2025.0,19748.0,"Maryland","O. OKANANWA",7,"G",28,"3-10",30.0,"1-3",33.3,"7-10",70.0,12,1,4,2,0,14
2025.0,19748.0,"Maryland","I. OZZY-MOMODU",9,"F",33,"8-15",53.3,"0-0",0.0,"2-2",100.0,12,0,1,1,2,18
2025.0,19748.0,"Maryland","Y. GARZON",12,"G",30,"5-11",45.5,"2-6",33.3,"0-0",0.0,2,0,3,0,2,12
2025.0,19748.0,"Maryland","K. WALKER",8,"G",41,"6-16",37.5,"0-2",0.0,"3-3",100.0,2,1,1,1,1,15
2025.0,19748.0,"Maryland","M. MCLEAN",10,"G",14,"1-2",50.0,"0-0",0.0,"1-2",50.0,3,0,1,0,0,3
2025.0,19748.0,"Maryland","M. BOIKO",11,"F",9,"1-2",50.0,"0-1",0.0,"2-2",100.0,2,1,4,1,1,4
2025.0,19748.0,"Iowa","T. MCCABE",2,"G",31,"4-8",50.0,"4-8",50.0,"0-0",0.0,5,2,1,0,0,12
2025.0,19748.0,"Iowa","K. FEUERBACH",4,"G",35,"0-3",0.0,"0-1",0.0,"4-4",100.0,2,4,3,1,0,4
2025.0,19748.0,"Iowa","A. HEIDEN",5,"C",31,"9-13",69.2,"0-0",0.0,"2-2",100.0,8,2,2,0,0,20
2025.0,19748.0,"Iowa","C. WRIGHT",11,"G",43,"4-12",33.3,"3-6",50.0,"7-8",87.5,2,5,2,1,0,18
2025.0,19748.0,"Iowa","H. STUELKE",45,"F",43,"4-13",30.8,"0-0",0.0,"4-7",57.1,11,5,4,1,1,12
2025.0,19748.0,"Iowa","T. STREMLOW",1,"G",12,"3-4",75.0,"1-2",50.0,"0-0",0.0,1,2,2,0,0,7
2025.0,19748.0,"Iowa","A. DEAL",7,"G",14,"1-4",25.0,"0-1",0.0,"0-0",0.0,2,1,1,0,0,2
2025.0,19748.0,"Iowa","J. HOUSTON",8,"G",14,"5-8",62.5,"0-0",0.0,"0-1",0.0,6,0,1,0,0,10
2025.0,19748.0,"Iowa","L. HAYS",12,"C",2,"0-1",0.0,"0-0",0.0,"0-0",0.0,0,0,0,0,0,0
"","","Indiana","N. CAFFEY",2,"G",34,"3-6",50.0,"0-0",0.0,"5-6",83.3,4,2,3,0,0,11
"","","Indiana","M. MAKALUSKY",3,"F",37,"7-17",41.2,"6-13",46.2,"0-0",0.0,1,0,1,0,0,20
"","","Indiana","L. BEAUMONT",5,"G",38,"4-11",36.4,"2-5",40.0,"1-2",50.0,5,2,5,0,0,11
"","","Indiana","E. NOYAN",8,"F",21,"2-3",66.7,"0-0",0.0,"0-0",0.0,2,0,2,0,0,4
"","","Indiana","S. CIEZKI",10,"G",37,"5-9",55.6,"1-3",33.3,"6-7",85.7,2,3,3,1,0,17
"","","Indiana","P. STOTIJN",1,"G",4,"0-0",0.0,"0-0",0.0,"0-0",0.0,0,0,1,0,0,0
"","","Indiana","J. KIAKU",7,"G",10,"0-0",0.0,"0-0",0.0,"0-0",0.0,2,3,1,0,0,0
"","","Indiana","Z. SOCKA-NGUEMEN",23,"F",17,"2-3",66.7,"0-0",0.0,"0-0",0.0,3,2,3,0,0,4
"","","Indiana","J. ONDINEME",45,"F",2,"0-0",0.0,"0-0",0.0,"0-0",0.0,1,0,0,0,0,0
"","","Southern California","L. JONES",3,"G",30,"1-8",12.5,"0-4",0.0,"5-6",83.3,3,0,2,0,1,7
"","","Southern California","L. WILLIAMS",6,"F",14,"2-3",66.7,"0-0",0.0,"0-0",0.0,1,0,0,0,0,4
"","","Southern California","J. DAVIDSON",9,"G",37,"5-23",21.7,"1-11",9.1,"1-1",100.0,5,5,2,3,1,12
"","","Southern California","M. SAMUELS",10,"G",39,"1-11",9.1,"0-4",0.0,"0-0",0.0,5,1,2,1,2,2
"","","Southern California","K. DUNN",25,"G",34,"7-16",43.8,"4-12",33.3,"3-4",75.0,5,5,0,1,0,21
"","","Southern California","V. IWUCHUKWU",0,"F",15,"1-2",50.0,"0-0",0.0,"3-4",75.0,5,0,2,1,0,5
"","","Southern California","G. RAULUSAITYTE",8,"F",11,"1-1",100.0,"0-0",0.0,"0-0",0.0,0,1,1,0,0,2
"","","Southern California","D. MENDES",13,"F",20,"1-3",33.3,"0-1",0.0,"0-0",0.0,5,2,0,0,0,2
"","","Washington","S. SELLERS",0,"G",47,"15-32",46.9,"5-15",33.3,"3-5",60.0,4,6,5,2,2,38
"","","Washington","H. STINES",1,"G",38,"3-8",37.5,"0-4",0.0,"1-1",100.0,4,2,1,1,0,7
"","","Washington","A. HOWELL",2,"G",46,"5-10",50.0,"3-6",50.0,"4-4",100.0,11,1,0,5,0,17
"","","Washington","E. LADINE",24,"G",45,"3-12",25.0,"2-5",40.0,"2-4",50.0,3,1,2,1,1,10
"","","Washington","Y. GRABOVSKAIA",55,"C",22,"2-8",25.0,"0-0",0.0,"1-2",50.0,8,0,1,0,0,5
"","","Washington","D. COPPINGER",3,"G",6,"0-0",0.0,"0-0",0.0,"2-2",100.0,2,0,0,0,0,2
"","","Washington","C. BRIGGS",11,"G",12,"0-0",0.0,"0-0",0.0,"0-0",0.0,2,0,0,0,0,0
"","","Washington","B. MCGAUGHY",21,"F",28,"2-10",20.0,"0-2",0.0,"0-0",0.0,11,2,1,0,0,4
"","","Washington","S. HARVEY",35,"G",6,"0-2",0.0,"0-0",0.0,"0-0",0.0,0,0,1,0,0,0
"","","Ucla","K. RICE",1,"G",30,"4-9",44.4,"0-1",0.0,"0-0",0.0,5,6,1,1,1,8
"","","Ucla","C. LEGER-WALKER",5,"G",32,"6-12",50.0,"4-8",50.0,"1-3",33.3,9,8,4,1,0,17
"","","Ucla","G. KNEEPKENS",8,"G",29,"6-9",66.7,"4-7",57.1,"0-0",0.0,4,5,1,1,0,16
"","","Ucla","G. JAQUEZ",11,"F",33,"10-13",76.9,"2-3",66.7,"0-0",0.0,4,3,1,0,0,22
"","","Ucla","L. BETTS",51,"C",22,"5-7",71.4,"0-0",0.0,"1-2",50.0,5,2,1,0,5,11
"","","Ucla","C. KARAMOUZI SIEGEL",3,"G",1,"0-0",0.0,"0-0",0.0,"0-0",0.0,0,0,0,0,0,0
"","","Ucla","S. BETTS",16,"F",16,"3-3",100.0,"1-1",100.0,"2-4",50.0,6,3,3,0,0,9
"","","Ucla","A. DUGALIÄ‡",32,"F",27,"5-9",55.6,"2-3",66.7,"0-0",0.0,8,4,4,0,1,12
"","","Ucla","A. MUSE",33,"F",10,"1-2",50.0,"0-0",0.0,"0-0",0.0,3,0,1,1,2,2
"","","Ohio St.","K. KITTS",1,"F",33,"7-13",53.8,"3-5",60.0,"1-1",100.0,8,3,2,1,0,18
"","","Ohio St.","C. GRAY",2,"G",30,"5-10",50.0,"1-3",33.3,"0-0",0.0,1,3,3,1,0,11
"","","Ohio St.","K. CAMBRIDGE",3,"G",29,"5-10",50.0,"3-5",60.0,"1-2",50.0,2,4,0,4,0,14
"","","Ohio St.","E. LEMMILÃ¤",12,"C",37,"4-7",57.1,"0-0",0.0,"0-0",0.0,11,3,1,0,1,8
"","","Ohio St.","J. CAMBRIDGE",22,"G",40,"9-19",47.4,"2-5",40.0,"8-8",100.0,9,8,4,2,0,28
"","","Ohio St.","T. TODD",4,"G",4,"0-2",0.0,"0-1",0.0,"0-0",0.0,1,0,1,0,0,0
"","","Ohio St.","A. WATSON",5,"G",18,"3-6",50.0,"1-2",50.0,"0-0",0.0,3,1,0,1,0,7
"","","Ohio St.","B. MARTIN",8,"G",9,"1-1",100.0,"1-1",100.0,"0-0",0.0,1,0,0,0,0,3
"","","Rutgers","K. IVEY",2,"G",26,"0-5",0.0,"0-4",0.0,"0-0",0.0,4,3,3,1,0,0
"","","Rutgers","N. NDIAYE",10,"F",21,"2-10",20.0,"1-2",50.0,"6-8",75.0,4,0,3,1,0,11
"","","Rutgers","F. BLACKSTONE",12,"F",25,"3-7",42.9,"0-3",0.0,"0-0",0.0,4,0,4,0,1,6
"","","Rutgers","Z. PERKINS",22,"F",32,"0-7",0.0,"0-2",0.0,"5-8",62.5,4,1,2,1,1,5
"","","Rutgers","I. LESTER",30,"C",25,"2-12",16.7,"0-1",0.0,"4-4",100.0,5,2,0,1,2,8
"","","Rutgers","L. SWANN",1,"G",11,"2-6",33.3,"2-4",50.0,"1-2",50.0,2,0,2,0,0,7
"","","Rutgers","M. MOORE",3,"G",3,"0-0",0.0,"0-0",0.0,"0-0",0.0,0,0,0,0,0,0
"","","Rutgers","A. BATES",4,"F",25,"0-3",0.0,"0-0",0.0,"0-0",0.0,5,3,3,1,0,0
"","","Rutgers","D. YOUNG",5,"G",10,"0-1",0.0,"0-0",0.0,"0-0",0.0,0,1,1,1,0,0
"","","Rutgers","P. WHEELER",7,"F",6,"0-1",0.0,"0-0",0.0,"0-0",0.0,0,0,1,0,0,0
"","","Rutgers","J. WALKER",44,"F",16,"2-3",66.7,"0-0",0.0,"0-0",0.0,2,0,1,0,1,4
"","","Iowa","T. MCCABE",2,"G",31,"4-8",50.0,"4-8",50.0,"0-0",0.0,5,2,1,0,0,12
"","","Iowa","K. FEUERBACH",4,"G",35,"0-3",0.0,"0-1",0.0,"4-4",100.0,2,4,3,1,0,4
"","","Iowa","A. HEIDEN",5,"C",31,"9-13",69.2,"0-0",0.0,"2-2",100.0,8,2,2,0,0,20
"","","Iowa","C. WRIGHT",11,"G",43,"4-12",33.3,"3-6",50.0,"7-8",87.5,2,5,2,1,0,18
"","","Iowa","H. STUELKE",45,"F",43,"4-13",30.8,"0-0",0.0,"4-7",57.1,11,5,4,1,1,12
"","","Iowa","T. STREMLOW",1,"G",12,"3-4",75.0,"1-2",50.0,"0-0",0.0,1,2,2,0,0,7
"","","Iowa","A. DEAL",7,"G",14,"1-4",25.0,"0-1",0.0,"0-0",0.0,2,1,1,0,0,2
"","","Iowa","J. HOUSTON",8,"G",14,"5-8",62.5,"0-0",0.0,"0-1",0.0,6,0,1,0,0,10
"","","Iowa","L. HAYS",12,"C",2,"0-1",0.0,"0-0",0.0,"0-0",0.0,0,0,0,0,0,0
"","","Illinois","D. JACKSON",2,"G",24,"3-8",37.5,"1-2",50.0,"2-2",100.0,1,3,0,1,0,9
"","","Illinois","G. DOLAN",4,"G",31,"7-15",46.7,"0-2",0.0,"3-3",100.0,0,1,1,1,0,17
"","","Illinois","J. BROWN-HAGGER",8,"G",26,"2-6",33.3,"1-2",50.0,"1-2",50.0,1,1,2,1,1,6
"","","Illinois","B. WALLACE",23,"F",37,"7-15",46.7,"2-5",40.0,"6-6",100.0,7,2,1,0,1,22
"","","Illinois","C. PARCHMENT",30,"F",36,"4-10",40.0,"1-3",33.3,"8-10",80.0,8,1,3,3,3,17
"","","Illinois","A. GUYTON",1,"G",17,"0-3",0.0,"0-0",0.0,"0-0",0.0,1,3,3,1,0,0
"","","Illinois","M. WEBBER",34,"G",22,"1-5",20.0,"0-0",0.0,"0-0",0.0,1,0,0,0,0,2
"","","Illinois","L. VASCONCELOS",35,"C",7,"0-1",0.0,"0-0",0.0,"0-0",0.0,3,0,1,0,0,0
2025.0,19749.0,"Maryland","A. MACK",3,"G",41,"7-19",36.8,"3-4",75.0,"3-3",100.0,3,2,1,1,0,20
2025.0,19749.0,"Maryland","S. POFFENBARGER",6,"G",46,"6-19",31.6,"0-7",0.0,"4-8",50.0,14,4,2,1,1,16
2025.0,19749.0,"Maryland","O. OKANANWA",7,"G",40,"3-9",33.3,"0-1",0.0,"0-0",0.0,5,0,1,2,0,6
2025.0,19749.0,"Maryland","I. OZZY-MOMODU",9,"F",39,"3-8",37.5,"0-0",0.0,"1-2",50.0,16,3,2,1,3,7
2025.0,19749.0,"Maryland","Y. GARZON",12,"G",48,"9-19",47.4,"4-10",40.0,"2-2",100.0,7,2,2,0,0,24
2025.0,19749.0,"Maryland","K. WALKER",8,"G",26,"2-5",40.0,"0-0",0.0,"3-4",75.0,3,0,2,0,0,7
2025.0,19749.0,"Maryland","M. MCLEAN",10,"G",6,"0-0",0.0,"0-0",0.0,"0-0",0.0,0,0,0,0,0,0
2025.0,19749.0,"Maryland","M. BOIKO",11,"F",4,"0-0",0.0,"0-0",0.0,"0-0",0.0,0,2,3,0,1,0
2025.0,19749.0,"Washington","S. SELLERS",0,"G",47,"15-32",46.9,"5-15",33.3,"3-5",60.0,4,6,5,2,2,38
2025.0,19749.0,"Washington","H. STINES",1,"G",38,"3-8",37.5,"0-4",0.0,"1-1",100.0,4,2,1,1,0,7
2025.0,19749.0,"Washington","A. HOWELL",2,"G",46,"5-10",50.0,"3-6",50.0,"4-4",100.0,11,1,0,5,0,17
2025.0,19749.0,"Washington","E. LADINE",24,"G",45,"3-12",25.0,"2-5",40.0,"2-4",50.0,3,1,2,1,1,10
2025.0,19749.0,"Washington","Y. GRABOVSKAIA",55,"C",22,"2-8",25.0,"0-0",0.0,"1-2",50.0,8,0,1,0,0,5
2025.0,19749.0,"Washington","D. COPPINGER",3,"G",6,"0-0",0.0,"0-0",0.0,"2-2",100.0,2,0,0,0,0,2
2025.0,19749.0,"Washington","C. BRIGGS",11,"G",12,"0-0",0.0,"0-0",0.0,"0-0",0.0,2,0,0,0,0,0
2025.0,19749.0,"Washington","B. MCGAUGHY",21,"F",28,"2-10",20.0,"0-2",0.0,"0-0",0.0,11,2,1,0,0,4
2025.0,19749.0,"Washington","S. HARVEY",35,"G",6,"0-2",0.0,"0-0",0.0,"0-0",0.0,0,0,1,0,0,0
2025.0,19750.0,"Maryland","A. MACK",3,"G",34,"5-17",29.4,"1-5",20.0,"6-7",85.7,6,0,2,1,0,17
2025.0,19750.0,"Maryland","S. POFFENBARGER",6,"G",28,"1-7",14.3,"0-3",0.0,"0-0",0.0,8,2,2,2,0,2
2025.0,19750.0,"Maryland","O. OKANANWA",7,"G",36,"11-17",64.7,"0-1",0.0,"5-7",71.4,5,2,2,2,0,27
2025.0,19750.0,"Maryland","I. OZZY-MOMODU",9,"F",18,"2-4",50.0,"0-0",0.0,"0-0",0.0,3,0,4,0,0,4
2025.0,19750.0,"Maryland","Y. GARZON",12,"G",38,"1-5",20.0,"1-2",50.0,"0-0",0.0,4,2,1,3,0,3
2025.0,19750.0,"Maryland","K. WALKER",8,"G",24,"1-6",16.7,"0-1",0.0,"2-2",100.0,3,2,0,0,0,4
2025.0,19750.0,"Maryland","M. MCLEAN",10,"G",3,"0-0",0.0,"0-0",0.0,"0-0",0.0,0,0,1,0,0,0
2025.0,19750.0,"Maryland","M. BOIKO",11,"F",3,"0-0",0.0,"0-0",0.0,"0-0",0.0,0,0,1,1,0,0
2025.0,19750.0,"Maryland","B. WILLIAMS",40,"F",16,"2-7",28.6,"0-3",0.0,"0-0",0.0,3,0,1,0,0,4
2025.0,19750.0,"Oregon","M. JACOBS",1,"F",27,"2-10",20.0,"1-6",16.7,"1-3",33.3,5,2,4,0,2,6
2025.0,19750.0,"Oregon","K. FISO",2,"G",35,"3-8",37.5,"0-2",0.0,"2-2",100.0,9,3,6,0,1,8
2025.0,19750.0,"Oregon","S. BELL",3,"G",37,"5-8",62.5,"4-6",66.7,"2-2",100.0,1,2,0,1,1,16
2025.0,19750.0,"Oregon","A. LONG",14,"G",20,"2-6",33.3,"0-3",0.0,"0-0",0.0,0,3,1,1,0,4
2025.0,19750.0,"Oregon","E. ETUTE",35,"F",33,"10-15",66.7,"0-0",0.0,"6-8",75.0,11,3,4,3,1,26
2025.0,19750.0,"Oregon","A. TUHINA",0,"G",9,"1-2",50.0,"1-1",100.0,"0-0",0.0,2,0,1,0,0,3
2025.0,19750.0,"Oregon","A. MUHAMMAD",5,"F",14,"1-3",33.3,"0-0",0.0,"0-0",0.0,3,2,0,2,0,2
2025.0,19750.0,"Oregon","S. RAMBUS",23,"F",6,"0-1",0.0,"0-1",0.0,"0-0",0.0,2,1,2,0,1,0
2025.0,19750.0,"Oregon","A. CAIN",42,"G",19,"1-2",50.0,"1-2",50.0,"0-0",0.0,4,1,1,1,1,3
